Date,Open,High,Low,Close,Adj Close,Volume
4/30/2018,5937.075195,6005.878906,5936.526855,5994.595215,5994.595215,59188600
5/2/2018,5999.361816,6012.938965,5970.398926,6012.237793,6012.237793,67805700
5/3/2018,5990.161133,5996.48584,5858.731934,5858.731934,5858.731934,61109700
5/4/2018,5849.309082,5855.105957,5768.383789,5792.345215,5792.345215,52388700
5/7/2018,5814.956055,5885.098145,5808.188965,5885.098145,5885.098145,52856100
5/8/2018,5862.779785,5866.079102,5752.800781,5774.71582,5774.71582,57813800
5/9/2018,5734.180176,5917.816895,5716.645996,5907.937988,5907.937988,66282300
5/11/2018,5923.092773,6023.041016,5921.193848,5956.832031,5956.832031,66776200
5/14/2018,5933.460938,5947.154785,5853.438965,5947.154785,5947.154785,56191400
5/15/2018,5926.077148,5940.421875,5833.634766,5838.116211,5838.116211,64487000
5/16/2018,5780.87793,5841.463867,5738.578125,5841.463867,5841.463867,62283300
5/17/2018,5854.869141,5898.297852,5815.919922,5815.919922,5815.919922,67370600
5/18/2018,5831.051758,5843.451172,5783.310059,5783.310059,5783.310059,55495900
5/21/2018,5779.242188,5786.391113,5719.475098,5733.854004,5733.854004,63717500
5/22/2018,5767.62793,5813.429199,5751.119141,5751.119141,5751.119141,67420300
5/23/2018,5764.418945,5850.539063,5764.312012,5792.000977,5792.000977,60646300
5/24/2018,5833.616211,5954.308105,5833.353027,5946.538086,5946.538086,71497000
5/25/2018,5957.425781,6003.244141,5949.521973,5975.742188,5975.742188,58672900
5/28/2018,5979.620117,6080.506836,5977.003906,6068.325195,6068.325195,66767100
5/30/2018,6037.434082,6095.828125,6001.801758,6011.055176,6011.055176,76998100
5/31/2018,6037.262207,6055.015137,5934.804199,5983.586914,5983.586914,91923400
6/4/2018,6004.119141,6032.993164,6001.201172,6014.818848,6014.818848,77906000
6/5/2018,6031.370117,6088.790039,6025.557129,6088.790039,6088.790039,71163800
6/6/2018,6083.920898,6096.723145,6063.334961,6069.712891,6069.712891,68433200
6/7/2018,6090.975098,6116.433105,6077.855957,6106.698242,6106.698242,61086000
6/8/2018,6083.332031,6096.657227,5987.329102,5993.626953,5993.626953,53952100
6/20/2018,5941.793945,5947.78418,5834.134766,5884.039063,5884.039063,62441700
6/21/2018,5890.064941,5922.702148,5815.453125,5822.333008,5822.333008,51405000
6/22/2018,5820.187988,5837.652832,5787.682129,5821.812012,5821.812012,58773500
6/25/2018,5850.313965,5891.481934,5801.594238,5859.083008,5859.083008,54948400
6/26/2018,5831.595215,5878.037109,5820.751953,5825.648926,5825.648926,59068400
6/27/2018,5832.584961,5859.603027,5787.551758,5787.551758,5787.551758,55552900
6/28/2018,5791.583008,5801.349121,5661.007813,5667.318848,5667.318848,60061700
6/29/2018,5691.686035,5799.236816,5682.658203,5799.236816,5799.236816,65331400
7/2/2018,5828.495117,5832.222168,5746.77002,5746.77002,5746.77002,48029600
7/3/2018,5737.35498,5752.317871,5630.100098,5633.937012,5633.937012,49554000
7/4/2018,5640.562988,5738.925781,5557.558105,5733.63916,5733.63916,56623500
7/5/2018,5727.912109,5739.332031,5685.751953,5739.332031,5739.332031,51660500
7/6/2018,5733.130859,5743.359863,5694.912109,5694.912109,5694.912109,46286700
7/9/2018,5719.856934,5815.446777,5716.394043,5807.375,5807.375,52683800
7/10/2018,5839.036133,5888.592773,5829.681152,5881.759766,5881.759766,53761000
7/11/2018,5842.990234,5897.957031,5822.751953,5893.358887,5893.358887,62397700
7/12/2018,5873.048828,5931.519043,5873.048828,5907.87207,5907.87207,57014300
7/13/2018,5908.478027,5961.336914,5908.478027,5944.074219,5944.074219,54856000
7/16/2018,5941.912109,5956.796875,5847.34082,5905.158203,5905.158203,46500100
7/17/2018,5881.791016,5884.799805,5840.937012,5861.507813,5861.507813,52518200
7/18/2018,5868.871094,5899.652832,5858.975098,5890.730957,5890.730957,69005100
7/19/2018,5902.025879,5920.929199,5857.143066,5871.077148,5871.077148,61506700
7/20/2018,5867.808105,5884.633789,5842.930176,5872.78418,5872.78418,56088500
7/23/2018,5886.516113,5928.080078,5884.976074,5915.795898,5915.795898,51917100
7/24/2018,5934.408203,5945.850098,5925.049805,5931.841797,5931.841797,59374900
7/25/2018,5941.129883,5947.501953,5923.200195,5933.88916,5933.88916,84148200
7/26/2018,5949.657227,5967.595215,5928.743164,5946.13623,5946.13623,82412300
7/27/2018,5947.355957,5992.053223,5947.060059,5989.13623,5989.13623,65570700
7/30/2018,5998.097168,6027.936035,5994.079102,6027.936035,6027.936035,72156300
7/31/2018,6012.926758,6013.86377,5910.528809,5936.442871,5936.442871,86530400
8/1/2018,5952.938965,6034.548828,5945.442871,6033.418945,6033.418945,59853600
8/2/2018,6039.586914,6055.066895,6011.723145,6011.723145,6011.723145,77818300
8/3/2018,6014.796875,6023.475098,5994.042969,6007.538086,6007.538086,57227000
8/6/2018,6025.606934,6102.539063,6025.425781,6101.130859,6101.130859,66226000
8/7/2018,6100.00293,6113.991211,6079.47998,6091.25,6091.25,60294800
8/8/2018,6110.84082,6117.292969,6081.633789,6094.829102,6094.829102,64676700
8/9/2018,6084.751953,6105.917969,6055.269043,6065.255859,6065.255859,62375600
8/10/2018,6084.801758,6107.695801,6059.98877,6077.172852,6077.172852,52870700
8/13/2018,6029.469238,6034.560059,5861.246094,5861.246094,5861.246094,60906300
8/14/2018,5850.719238,5890.98877,5744.575195,5769.873047,5769.873047,56998100
8/15/2018,5782.381836,5819.64209,5689.936035,5816.589844,5816.589844,62023800
8/16/2018,5788.062988,5811.625,5743.495117,5783.797852,5783.797852,53443300
8/20/2018,5833.539063,5919.332031,5833.539063,5892.191895,5892.191895,55005100
8/21/2018,5899.297852,5953.907227,5899.297852,5944.300781,5944.300781,59014700
8/23/2018,5962.101074,5991.298828,5934.290039,5982.984863,5982.984863,53558900
8/24/2018,5975.415039,5993.60498,5949.60791,5968.75,5968.75,49474100
8/27/2018,5993.763184,6025.967773,5993.703125,6025.967773,6025.967773,65676000
8/28/2018,6042.891113,6065.253906,6023.221191,6042.649902,6042.649902,59104800
8/29/2018,6025.602051,6065.148926,6003.494141,6065.148926,6065.148926,63016700
8/30/2018,6075.27002,6086.943848,6013.373047,6018.963867,6018.963867,58498700
8/31/2018,5984.961914,6018.459961,5940.648926,6018.459961,6018.459961,59513900
9/3/2018,6025.411133,6026.915039,5954.928223,5967.579102,5967.579102,44310800
9/4/2018,5974.763184,5978.72998,5889.095215,5905.300781,5905.300781,53980900
9/5/2018,5868.775879,5868.775879,5621.604004,5683.500977,5683.500977,71761700
9/6/2018,5661.963867,5786.665039,5660.865234,5776.095215,5776.095215,57940400
9/7/2018,5780.806152,5851.464844,5769.251953,5851.464844,5851.464844,54320700
9/10/2018,5835.375977,5840.867188,5776.015137,5831.117188,5831.117188,53873400
9/12/2018,5839.314941,5870.599121,5798.150879,5798.150879,5798.150879,61414500
9/13/2018,5834.765137,5865.068848,5834.765137,5858.273926,5858.273926,66435500
9/14/2018,5870.984863,5931.280762,5870.984863,5931.280762,5931.280762,56571400
9/17/2018,5908.425781,5911.652832,5811.919922,5824.256836,5824.256836,59608300
9/18/2018,5818.720215,5844.951172,5781.289063,5811.790039,5811.790039,70975800
9/19/2018,5835.794922,5882.660156,5835.794922,5873.597168,5873.597168,69601100
9/20/2018,5898.481934,5941.015137,5897.598145,5931.266113,5931.266113,70876500
9/21/2018,5956.499023,5975.169922,5935.038086,5957.744141,5957.744141,86255700
9/24/2018,5958.567871,5958.567871,5876.648926,5882.220215,5882.220215,68687600
9/25/2018,5875.158203,5895.02002,5850.75,5874.298828,5874.298828,65935500
9/26/2018,5871.558105,5908.588867,5870.299805,5873.270996,5873.270996,75063400
9/27/2018,5871.435059,5931.724121,5870.538086,5929.21582,5929.21582,59721100
9/28/2018,5930.60498,5976.553223,5930.60498,5976.553223,5976.553223,62677100
10/1/2018,5950.85791,5982.064941,5944.601074,5944.601074,5944.601074,60605000
10/2/2018,5947.25,5956.777832,5862.955078,5875.619141,5875.619141,87701600
10/3/2018,5874.495117,5921.566895,5848.162109,5867.736816,5867.736816,72943100
10/4/2018,5847.599121,5847.599121,5742.308105,5756.619141,5756.619141,87537800
10/5/2018,5738.594238,5758.27002,5706.398926,5731.935059,5731.935059,64862100
10/8/2018,5728.698242,5794.432129,5728.638184,5761.073242,5761.073242,73665700
10/9/2018,5771.916992,5796.790039,5756.242188,5796.790039,5796.790039,64525600
10/10/2018,5815.286133,5832.928223,5798.743164,5820.667969,5820.667969,68341300
10/11/2018,5733.996094,5746.243164,5669.723145,5702.821777,5702.821777,90536700
10/12/2018,5722.486816,5788.680176,5722.486816,5756.490234,5756.490234,60181200
10/15/2018,5786.664063,5816.042969,5725.580078,5727.255859,5727.255859,65107300
10/16/2018,5737.941895,5800.816895,5719.508789,5800.816895,5800.816895,64884300
10/17/2018,5833.25293,5868.620117,5819.174805,5868.620117,5868.620117,64580100
10/18/2018,5850.124023,5858.788086,5811.924805,5845.242188,5845.242188,62773900
10/19/2018,5810.129883,5861.990234,5796.78418,5837.291016,5837.291016,63540800
10/22/2018,5841.418945,5869.651855,5827.629883,5840.435059,5840.435059,68594500
10/23/2018,5838.690918,5848.043945,5797.335938,5797.891113,5797.891113,61556000
10/24/2018,5795.750977,5818.839844,5709.416992,5709.416992,5709.416992,71593900
10/25/2018,5629.950195,5754.964844,5623.842773,5754.964844,5754.964844,51569200
10/26/2018,5761.451172,5790.953125,5748.61377,5784.920898,5784.920898,52533300
10/29/2018,5788.924805,5814.679199,5747.03418,5754.606934,5754.606934,49595700
10/30/2018,5755.02002,5789.100098,5733.240234,5789.100098,5789.100098,59748100
10/31/2018,5817.492188,5835.173828,5769.544922,5831.649902,5831.649902,69910100
11/1/2018,5855.222168,5883.220215,5815.756836,5835.919922,5835.919922,63198100
11/2/2018,5873.006836,5906.291992,5827.153809,5906.291992,5906.291992,67022200
11/5/2018,5895.243164,5926.634766,5886.206055,5920.594238,5920.594238,53671600
11/6/2018,5942.321777,5959.96582,5898.563965,5923.930176,5923.930176,53343100
11/7/2018,5942.223145,5947.608887,5891.140137,5939.88623,5939.88623,62481200
11/8/2018,5972.327148,5996.84082,5949.516113,5976.806152,5976.806152,73188500
11/9/2018,5934.178223,5936.03418,5859.087891,5874.153809,5874.153809,65342000
11/12/2018,5865.741211,5884.081055,5777.053223,5777.053223,5777.053223,53857800
11/13/2018,5754.598145,5850.376953,5747.530762,5835.198242,5835.198242,58918000
11/14/2018,5857.721191,5896.801758,5851.792969,5858.292969,5858.292969,72751500
11/15/2018,5885.216797,5960.398926,5880.212891,5955.73584,5955.73584,60149800
11/16/2018,5975.11084,6058.825195,5968.673828,6012.350098,6012.350098,61140800
11/19/2018,6028.336914,6036.98877,5974.134766,6005.296875,6005.296875,56032100
11/21/2018,5942.199219,5978.595215,5908.00293,5948.051758,5948.051758,62393500
11/22/2018,5936.661133,5997.637207,5936.661133,5990.810059,5990.810059,76590600
11/23/2018,5998.027832,6017.458008,5971.98877,6006.202148,6006.202148,62607300
11/26/2018,5997.73291,6025.991211,5990.984863,6022.777832,6022.777832,67223700
11/27/2018,6002.391113,6034.184082,5992.883789,6013.588867,6013.588867,69182000
11/28/2018,6027.582031,6030.895996,5990.345215,5991.246094,5991.246094,72385300
11/29/2018,6030.73877,6107.167969,6029.661133,6107.167969,6107.167969,71888500
11/30/2018,6104.637207,6117.194824,6056.124023,6056.124023,6056.124023,104904600
12/3/2018,6118.063965,6157.300781,6101.743164,6118.319824,6118.319824,84784300
12/4/2018,6118.633789,6152.859863,6118.469238,6152.859863,6152.859863,65189800
12/5/2018,6097.644043,6133.120117,6064.832031,6133.120117,6133.120117,67897200
12/6/2018,6095.006836,6131.631836,6086.131836,6115.493164,6115.493164,65929300
12/7/2018,6108.950195,6141.470215,6103.176758,6126.355957,6126.355957,66079200
12/10/2018,6103.097168,6121.780762,6078.631836,6111.359863,6111.359863,56866400
12/11/2018,6095.349121,6106.984863,6069.161133,6076.586914,6076.586914,71781900
12/12/2018,6097.730957,6118.226074,6084.338867,6115.577148,6115.577148,79263500
12/13/2018,6140.875977,6186.046875,6139.332031,6177.720215,6177.720215,82093700
12/14/2018,6178.566895,6185.47998,6160.352051,6169.842773,6169.842773,61924800
12/17/2018,6163.62793,6174.220215,6089.305176,6089.305176,6089.305176,61873200
12/18/2018,6056.23291,6081.867188,6014.794922,6081.867188,6081.867188,60526100
12/19/2018,6076.294922,6176.094238,6076.221191,6176.094238,6176.094238,82872200
12/20/2018,6144.936035,6160.413086,6112.055176,6147.875977,6147.875977,64812900
12/21/2018,6117.835938,6165.28418,6110.609863,6163.596191,6163.596191,59446800
12/26/2018,6126.652832,6144.60498,6094.412109,6127.850098,6127.850098,53220400
12/27/2018,6173.518066,6191.703125,6157.652832,6190.643066,6190.643066,65545500
12/28/2018,6200.296875,6212.125,6176.630859,6194.498047,6194.498047,69954900
1/2/2019,6197.871094,6205.89502,6164.833984,6181.174805,6181.174805,52797800
1/3/2019,6176.151855,6221.009766,6176.151855,6221.009766,6221.009766,72166700
1/4/2019,6211.096191,6274.540039,6200.854004,6274.540039,6274.540039,80858100
1/7/2019,6317.625977,6354.757813,6287.224121,6287.224121,6287.224121,90278300
1/8/2019,6292.263184,6316.240234,6251.375977,6262.847168,6262.847168,90537400
1/9/2019,6296.115234,6311.579102,6265.326172,6272.237793,6272.237793,105604200
1/10/2019,6293.958008,6328.713867,6268.507813,6328.713867,6328.713867,122462300
1/11/2019,6347.973145,6361.464844,6337.547852,6361.464844,6361.464844,78112000
1/14/2019,6351.329102,6359.875,6302.395996,6336.116211,6336.116211,79731000
1/15/2019,6347.101074,6408.78418,6333.644043,6408.78418,6408.78418,95139900
1/16/2019,6417.130859,6425.940918,6385.589844,6413.359863,6413.359863,104252800
1/17/2019,6421.407227,6457.734863,6410.950195,6423.779785,6423.779785,99214400
1/18/2019,6444.212891,6452.558105,6409.095215,6448.155762,6448.155762,77604300
1/21/2019,6448.536133,6472.149902,6438.900879,6450.833984,6450.833984,101769000
1/22/2019,6452.604004,6468.562012,6416.592773,6468.562012,6468.562012,100776200
1/23/2019,6452.905762,6484.195801,6449.919922,6451.169922,6451.169922,109468500
1/24/2019,6451.256836,6478.883789,6446.582031,6466.654785,6466.654785,120391000
1/25/2019,6474.15918,6498.333984,6470.123047,6482.842773,6482.842773,92035400
1/28/2019,6488.901855,6501.085938,6433.819824,6458.711914,6458.711914,95548600
1/29/2019,6454.473145,6485.24707,6428.470215,6436.47998,6436.47998,73064200
1/30/2019,6445.40918,6464.926758,6435.417969,6464.188965,6464.188965,78683300
1/31/2019,6491.38916,6544.479004,6491.38916,6532.969238,6532.969238,104349100
2/1/2019,6552.057129,6581.731934,6516.436035,6538.638184,6538.638184,88866200
2/4/2019,6540.773926,6555.986816,6479.049805,6481.451172,6481.451172,89042000
2/6/2019,6503.578125,6552.216797,6503.578125,6547.876953,6547.876953,106799500
2/7/2019,6556.115234,6563.981934,6517.225098,6536.457031,6536.457031,115112600
2/8/2019,6513.743164,6526.866211,6498.964844,6521.663086,6521.663086,96579400
2/11/2019,6523.702148,6535.178223,6494.125,6495.001953,6495.001953,94974200
2/12/2019,6503.050781,6513.102051,6392.236816,6426.325195,6426.325195,118209700
2/13/2019,6445.179199,6456.570801,6398.89209,6419.116211,6419.116211,122590200
2/14/2019,6429.131836,6446.335938,6402.430176,6420.018066,6420.018066,117183600
2/15/2019,6425.813965,6433.685059,6374.898926,6389.084961,6389.084961,98204900
2/18/2019,6428.275879,6501.027832,6425.916992,6497.814941,6497.814941,97765700
2/19/2019,6500.701172,6534.007813,6493.309082,6494.666992,6494.666992,98372900
2/20/2019,6521.808105,6552.151855,6483.070801,6512.78418,6512.78418,110588600
2/21/2019,6510.573242,6539.067871,6498.990234,6537.766113,6537.766113,102022900
2/22/2019,6518.187988,6530.220215,6481.475098,6501.37793,6501.37793,101594400
2/25/2019,6522.310059,6538.491211,6507.924805,6525.35791,6525.35791,95685700
2/26/2019,6527.721191,6540.950195,6497.757813,6540.950195,6540.950195,111994800
2/27/2019,6532.039063,6539.285156,6499.814941,6525.683105,6525.683105,89352100
2/28/2019,6526.933105,6526.933105,6433.244141,6443.348145,6443.348145,100223700
3/1/2019,6468.620117,6505.096191,6466.157227,6499.883789,6499.883789,78269700
3/4/2019,6508.26416,6537.230957,6487.853027,6488.419922,6488.419922,89179000
3/5/2019,6485.580078,6485.644043,6409.337891,6441.279785,6441.279785,82023100
3/6/2019,6460.807129,6473.012207,6424.257813,6457.956055,6457.956055,91098200
3/8/2019,6439.84082,6442.204102,6381.730957,6383.067871,6383.067871,92588600
3/11/2019,6418.882813,6420.782227,6366.039063,6366.434082,6366.434082,97316700
3/12/2019,6395.880859,6404.430176,6339.967773,6353.773926,6353.773926,84514000
3/13/2019,6343.121094,6377.575195,6337.874023,6377.575195,6377.575195,100029400
3/14/2019,6374.916992,6413.266113,6372.964844,6413.266113,6413.266113,96692700
3/15/2019,6420.182129,6489.194824,6419.644043,6461.183105,6461.183105,122938800
3/18/2019,6481.592773,6509.446777,6477.288086,6509.446777,6509.446777,105004500
3/19/2019,6515.561035,6522.205078,6473.286133,6480.275879,6480.275879,113972800
3/20/2019,6486.882813,6498.425781,6463.943848,6482.709961,6482.709961,106335600
3/21/2019,6499.271973,6515.971191,6484.312988,6501.775879,6501.775879,120956200
3/22/2019,6510.852051,6525.273926,6491.904785,6525.273926,6525.273926,129537900
3/25/2019,6473.855957,6474.647949,6391.519043,6411.250977,6411.250977,105721300
3/26/2019,6440.916016,6478.047852,6439.582031,6469.999023,6469.999023,85932800
3/27/2019,6480.557129,6485.425781,6443.974121,6444.737793,6444.737793,90444600
3/28/2019,6460.486816,6480.788086,6445.358887,6480.788086,6480.788086,92075400
3/29/2019,6480.98291,6485.958984,6440.916992,6468.754883,6468.754883,102927100
4/1/2019,6485.721191,6492.911133,6444.844238,6452.61084,6452.61084,93229400
4/2/2019,6476.623047,6490.073242,6454.983887,6476.065918,6476.065918,97657900
4/4/2019,6489.785156,6505.798828,6480.075195,6494.629883,6494.629883,115935300
4/5/2019,6501.099121,6506.800781,6473.955078,6474.018066,6474.018066,104044400
4/8/2019,6480.184082,6484.147949,6390.709961,6425.733887,6425.733887,104784600
4/9/2019,6434.618164,6484.390137,6429.535156,6484.348145,6484.348145,103220100
4/10/2019,6476.779785,6487.755859,6456.666016,6478.326172,6478.326172,85785100
4/11/2019,6468.255859,6472.72998,6410.166016,6410.166016,6410.166016,98465700
4/12/2019,6395.073242,6422.271973,6394.914063,6405.866211,6405.866211,115690900
4/15/2019,6426.904785,6442.03418,6415.115234,6435.150879,6435.150879,89372600
4/16/2019,6440.721191,6485.121094,6438.396973,6481.541016,6481.541016,113905400
4/18/2019,6568.845215,6636.332031,6487.227051,6507.221191,6507.221191,112896400
4/22/2019,6511.085938,6516.242188,6410.039063,6414.743164,6414.743164,94956300
4/23/2019,6420.163086,6482.818848,6415.455078,6462.821777,6462.821777,105904400
4/24/2019,6460.265137,6472.527832,6433.972168,6447.884766,6447.884766,95981100
4/25/2019,6423.837891,6431.591797,6353.283203,6372.787109,6372.787109,95830800
4/26/2019,6349.923828,6401.080078,6321.660156,6401.080078,6401.080078,84764000
4/29/2019,6388.381836,6428.344238,6376.705078,6425.89502,6425.89502,87784100
4/30/2019,6437.975098,6457.821777,6428.251953,6455.352051,6455.352051,94646800
5/2/2019,6458.121094,6465.772949,6363.040039,6374.421875,6374.421875,105193000
5/3/2019,6366.75,6367.620117,6261.25,6319.458984,6319.458984,93047100
5/6/2019,6254.811035,6263.086914,6207.623047,6256.352051,6256.352051,76667800
5/7/2019,6271.961914,6310.939941,6268.319824,6297.317871,6297.317871,99893700
5/8/2019,6260.696777,6270.883789,6231.362793,6270.202148,6270.202148,92019200
5/9/2019,6242.180176,6259.626953,6195.38623,6198.804199,6198.804199,92161300
5/10/2019,6203.103027,6232.664063,6149.220215,6209.118164,6209.118164,83315100
5/13/2019,6225.39502,6238.262207,6135.395996,6135.395996,6135.395996,73081800
5/14/2019,6081.401855,6101.089844,6033.618164,6071.202148,6071.202148,102612300
5/15/2019,6091.643066,6107.439941,5980.884766,5980.884766,5980.884766,90189500
5/16/2019,5969.855957,6009.62793,5889.555176,5895.737793,5895.737793,90700800
5/17/2019,5930.269043,5936.970215,5826.868164,5826.868164,5826.868164,88536300
5/20/2019,5822.474121,5930.154785,5767.400879,5907.121094,5907.121094,88516800
5/21/2019,5925.416016,5996.540039,5925.416016,5951.37207,5951.37207,88868800
5/22/2019,5948.382813,5966.797852,5918.899902,5939.63623,5939.63623,73752300
5/23/2019,5944.032227,6044.571777,5942.171875,6032.695801,6032.695801,80007700
5/24/2019,6042.575195,6080.191895,6037.080078,6057.353027,6057.353027,94909100
5/27/2019,6056.414063,6114.530762,6054.768066,6098.974121,6098.974121,79120000
5/28/2019,6101.842773,6118.905762,6033.14209,6033.14209,6033.14209,107550600
5/29/2019,6059.530762,6112.431152,6054.570801,6104.105957,6104.105957,79068400
5/31/2019,6110.52002,6209.117188,6110.478027,6209.117188,6209.117188,94994300
6/10/2019,6277.292969,6334.64502,6276.279785,6289.609863,6289.609863,94734500
6/11/2019,6286.799805,6310,6255.26416,6305.992188,6305.992188,86434200
6/12/2019,6270.352051,6296.817871,6257.438965,6276.176758,6276.176758,90308800
6/13/2019,6282.60791,6284.458008,6250.117188,6273.082031,6273.082031,95630400
6/14/2019,6278.025879,6294.648926,6234.98584,6250.265137,6250.265137,86134100
6/17/2019,6259.535156,6263.499023,6190.524902,6190.524902,6190.524902,94608600
6/18/2019,6195.133789,6257.330078,6195.133789,6257.330078,6257.330078,94426600
6/19/2019,6289.452148,6339.262207,6289.452148,6339.262207,6339.262207,104524400
6/20/2019,6346.013184,6357.459961,6311.251953,6335.698242,6335.698242,93519900
6/21/2019,6343.481934,6352.528809,6269.690918,6315.436035,6315.436035,111701800
6/24/2019,6307.926758,6320.535156,6280.222168,6288.464844,6288.464844,113990600
6/25/2019,6312.101074,6327.981934,6308.00293,6320.444824,6320.444824,104114600
6/26/2019,6323.811035,6334.179199,6303.349121,6310.48877,6310.48877,117335500
6/27/2019,6324.692871,6357.928223,6320.089844,6352.709961,6352.709961,99586800
6/28/2019,6367.018066,6377.350098,6351.505859,6358.628906,6358.628906,106200900
7/1/2019,6381.181152,6395.625977,6369.192871,6379.687988,6379.687988,128295500
7/2/2019,6388.222168,6394.454102,6365.37207,6384.897949,6384.897949,128839600
7/3/2019,6362.958008,6385.373047,6334.748047,6362.62207,6362.62207,115118100
7/4/2019,6364.067871,6385.128906,6359.415039,6375.966797,6375.966797,138923400
7/5/2019,6373.317871,6386.644043,6362.924805,6373.477051,6373.477051,132400300
7/8/2019,6360.213867,6367.361816,6324.721191,6351.827148,6351.827148,106782100
7/9/2019,6351.484863,6388.323242,6351.422852,6388.323242,6388.323242,120669200
7/10/2019,6393.189941,6412.824219,6393.189941,6410.683105,6410.683105,116571800
7/11/2019,6424.628906,6434.908203,6397.222168,6417.065918,6417.065918,123096800
7/12/2019,6414.198242,6425.317871,6369.496094,6373.345215,6373.345215,132748400
7/15/2019,6408.308105,6439.192871,6405.450195,6418.233887,6418.233887,138330000
7/16/2019,6414.729004,6428.268066,6389.397949,6401.879883,6401.879883,120399800
7/17/2019,6395.463867,6403.500977,6377.50293,6394.608887,6394.608887,142137300
7/18/2019,6385.058105,6407.256836,6375.617188,6403.293945,6403.293945,150696400
7/19/2019,6417.442871,6456.539063,6417.442871,6456.539063,6456.539063,129678900
7/22/2019,6461.411133,6468.24707,6420.349121,6433.546875,6433.546875,125797900
7/23/2019,6443.710938,6454.088867,6396.674805,6403.810059,6403.810059,129238000
7/24/2019,6413.319824,6419.221191,6380.01123,6384.986816,6384.986816,149335200
7/25/2019,6392.388184,6412.714844,6386.291016,6401.365234,6401.365234,124582800
7/26/2019,6379.204102,6385.587891,6314.410156,6325.236816,6325.236816,122282900
7/29/2019,6336.845215,6349.367188,6283.602051,6299.035156,6299.035156,126988300
7/30/2019,6317.573242,6376.996094,6317.036133,6376.996094,6376.996094,127506100
7/31/2019,6362.108887,6390.504883,6348.99707,6390.504883,6390.504883,114214500
8/1/2019,6385.26416,6404.581055,6372.705078,6381.541992,6381.541992,107634100
8/2/2019,6341.123047,6353.11084,6317.270996,6340.180176,6340.180176,93321300
8/5/2019,6311.164063,6315.062988,6175.703125,6175.703125,6175.703125,122385300
8/6/2019,6105.09082,6157.762207,6022.599121,6119.471191,6119.471191,113648900
8/7/2019,6155.828125,6221.661133,6153.644043,6204.194824,6204.194824,115751900
8/8/2019,6224.897949,6281.100098,6224.897949,6274.670898,6274.670898,108941500
8/9/2019,6300.092773,6319.439941,6280.667969,6282.131836,6282.131836,102271800
8/12/2019,6300.672852,6309.102051,6245.276855,6250.595215,6250.595215,98246100
8/13/2019,6251.308105,6251.308105,6198.065918,6210.961914,6210.961914,106057400
8/14/2019,6255.509766,6274.575195,6240.204102,6267.334961,6267.334961,116897700
8/15/2019,6192.456055,6257.585938,6161.665039,6257.585938,6257.585938,118749900
8/16/2019,6264.379883,6292.375,6235.701172,6286.657227,6286.657227,122425200
8/19/2019,6310.632813,6329.73877,6284.775879,6296.714844,6296.714844,107478400
8/20/2019,6311.907227,6317.690918,6279.564941,6295.737793,6295.737793,115615800
8/21/2019,6290.811035,6308.352051,6247.990234,6252.966797,6252.966797,97455300
8/22/2019,6257.556152,6265.957031,6210.537109,6239.245117,6239.245117,102340600
8/23/2019,6228.129883,6255.597168,6204.187988,6255.597168,6255.597168,104137900
8/26/2019,6193.230957,6230.314941,6149.02002,6214.509766,6214.509766,120581400
8/27/2019,6244.573242,6289.884766,6223.744141,6278.170898,6278.170898,117748900
8/28/2019,6289.650879,6306.329102,6267.194824,6281.645996,6281.645996,107048900
8/29/2019,6288.186035,6306.895996,6276.420898,6289.119141,6289.119141,111978400
8/30/2019,6316.119141,6329.883789,6305.037109,6328.470215,6328.470215,132856400
9/2/2019,6331.147949,6338.112793,6281.60498,6290.545898,6290.545898,126521700
9/3/2019,6293.361816,6310.630859,6248.796875,6261.589844,6261.589844,122848800
9/4/2019,6266.76416,6273.604004,6239.000977,6269.664063,6269.664063,111903900
9/5/2019,6294.283203,6307.348145,6281.954102,6306.803223,6306.803223,110321300
9/6/2019,6329.412109,6336.912109,6305.01709,6308.950195,6308.950195,114218400
9/9/2019,6328.282227,6333.896973,6306.73584,6326.212891,6326.212891,109132800
9/10/2019,6331.726074,6342.005859,6311.34082,6336.672852,6336.672852,113186400
9/11/2019,6334.591797,6381.954102,6328.687988,6381.954102,6381.954102,136654000
9/12/2019,6398.995117,6414.483887,6337.523926,6342.173828,6342.173828,111986600
9/13/2019,6369.422852,6375.804199,6318.919922,6334.842773,6334.842773,106712000
9/16/2019,6262.288086,6266.140137,6193.513184,6219.435059,6219.435059,102809600
9/17/2019,6215.236816,6240.348145,6205.301758,6236.689941,6236.689941,112446500
9/18/2019,6238.705078,6276.632813,6236.476074,6276.632813,6276.632813,108718500
9/19/2019,6274.178223,6282.062988,6242.893066,6244.470215,6244.470215,106914500
9/20/2019,6248.974121,6256.821777,6213.243164,6231.473145,6231.473145,134219300
9/23/2019,6240.144043,6247.577148,6197.388184,6206.199219,6206.199219,118747800
9/24/2019,6188.769043,6194.589844,6115.950195,6137.60791,6137.60791,90097100
9/25/2019,6121.490234,6146.403809,6086.001953,6146.403809,6146.403809,91732400
9/26/2019,6168.667969,6230.333984,6165.925781,6230.333984,6230.333984,105163800
9/27/2019,6213.932129,6219.77002,6191.664063,6196.88916,6196.88916,112420600
9/30/2019,6190.37207,6195.728027,6152.496094,6169.102051,6169.102051,93299700
10/1/2019,6163.979004,6176.605957,6134.77002,6138.25,6138.25,99171900
10/2/2019,6124.442871,6153.996094,6051.687988,6055.424805,6055.424805,116223100
10/3/2019,6033.026855,6050.604004,5997.691895,6038.528809,6038.528809,121133700
10/4/2019,6052.74707,6076.560059,6046.129883,6061.251953,6061.251953,111920200
10/7/2019,6077.740234,6084.165039,5988.87207,6000.582031,6000.582031,127549800
10/8/2019,6021.692871,6046.458008,6009.381836,6039.601074,6039.601074,124640500
10/9/2019,6030.458984,6047.792969,6017.359863,6029.160156,6029.160156,111759600
10/10/2019,6023.976074,6044.11377,6018.445801,6023.641113,6023.641113,89240100
10/11/2019,6033.321777,6109.118164,6033.321777,6105.799805,6105.799805,105411100
10/14/2019,6129.233887,6153.578125,6099.23877,6126.876953,6126.876953,118521000
10/15/2019,6130.299805,6158.166016,6118.262207,6158.166016,6158.166016,118739300
10/16/2019,6170.562012,6183.583984,6143.846191,6169.591797,6169.591797,114463100
10/17/2019,6169.903809,6197.935059,6161.39209,6181.01416,6181.01416,119164000
10/18/2019,6185.214844,6201.174805,6178.498047,6191.946777,6191.946777,125611600
10/21/2019,6207.88916,6228.227051,6187.36084,6198.986816,6198.986816,146413800
10/22/2019,6207.492188,6229.398926,6178.555176,6225.49707,6225.49707,114083500
10/23/2019,6224.417969,6257.806152,6197.954102,6257.806152,6257.806152,135886700
10/24/2019,6271.51416,6339.646973,6270.186035,6339.646973,6339.646973,130619300
10/25/2019,6342.608887,6348.314941,6243.246094,6252.345215,6252.345215,151346100
10/28/2019,6256.790039,6278.163086,6243.349121,6265.383789,6265.383789,145042900
10/29/2019,6267.680176,6281.138184,6245.937988,6281.138184,6281.138184,148492100
10/30/2019,6302.087891,6304.049805,6264.938965,6295.74707,6295.74707,139603200
10/31/2019,6290.566895,6301.592773,6216.290039,6228.316895,6228.316895,163955700
11/1/2019,6225.814941,6228.411133,6193.887207,6207.190918,6207.190918,142104600
11/4/2019,6219.126953,6242.083984,6180.344238,6180.344238,6180.344238,103975100
11/5/2019,6204.438965,6264.151855,6195.304199,6264.151855,6264.151855,95988100
11/6/2019,6273.917969,6274.291992,6198.496094,6217.544922,6217.544922,70278100
11/7/2019,6234.604004,6235.638184,6119.420898,6165.624023,6165.624023,67284200
11/8/2019,6165.766113,6180.199219,6139.823242,6177.98584,6177.98584,60698400
11/11/2019,6171.437012,6182.815918,6127.876953,6148.740234,6148.740234,47286600
11/12/2019,6135.493164,6180.992188,6133.53418,6180.992188,6180.992188,57719100
11/13/2019,6177.660156,6183.827148,6132.25293,6142.500977,6142.500977,51900400
11/14/2019,6137.535156,6146.397949,6062.97998,6098.950195,6098.950195,72169800
11/15/2019,6115.758789,6137.355957,6092.616211,6128.345215,6128.345215,46157800
11/18/2019,6126.413086,6134.314941,6098.081055,6122.625,6122.625,47079600
11/19/2019,6136.937012,6152.089844,6113.333008,6152.089844,6152.089844,51414200
11/20/2019,6136.25293,6167.411133,6123.584961,6155.108887,6155.108887,51663000
11/21/2019,6135.76416,6137.270996,6099.567871,6117.36377,6117.36377,50800300
11/22/2019,6115.791016,6122.480957,6086.827148,6100.242188,6100.242188,51362000
11/25/2019,6094.748047,6105.097168,6052.265137,6070.762207,6070.762207,48496000
11/26/2019,6091.237793,6096.661133,6026.187988,6026.187988,6026.187988,81161800
11/27/2019,6025.940918,6052.492188,6002.987793,6023.039063,6023.039063,57364300
11/28/2019,6013.270996,6036.828125,5945.75,5953.060059,5953.060059,51713900
11/29/2019,5949.883789,6015.699219,5939.403809,6011.830078,6011.830078,51024700
12/2/2019,6023.611816,6130.055176,6023.009766,6130.055176,6130.055176,52565500
12/3/2019,6119.901855,6148.366211,6107.64209,6133.895996,6133.895996,52634500
12/4/2019,6121.333008,6127.977051,6095.306152,6112.878906,6112.878906,50339400
12/5/2019,6132.039063,6157.931152,6131.588867,6152.117188,6152.117188,52261600
12/6/2019,6160.783203,6186.868164,6145.119141,6186.868164,6186.868164,49098600
12/9/2019,6194.082031,6210.778809,6180.836914,6193.791016,6193.791016,54834500
12/10/2019,6186.75293,6205.133789,6179.518066,6183.504883,6183.504883,51058500
12/11/2019,6190.577148,6204.604004,6171.926758,6180.099121,6180.099121,49556800
12/12/2019,6185.417969,6201.023926,6139.396973,6139.396973,6139.396973,51845400
12/13/2019,6181.055176,6197.317871,6167.640137,6197.317871,6197.317871,48546800
12/16/2019,6197.313965,6237.916016,6197.313965,6211.591797,6211.591797,55299700
12/17/2019,6223.442871,6244.352051,6205.62793,6244.352051,6244.352051,53264500
12/18/2019,6287.25,6287.25,6287.25,6287.25,6287.25,0
12/19/2019,6274.388184,6281.416016,6235.844238,6249.930176,6249.930176,47624800
12/20/2019,6257.160156,6284.37207,6231.46582,6284.37207,6284.37207,52766200
12/23/2019,6309.670898,6315.721191,6270.539063,6305.910156,6305.910156,39077900
12/26/2019,6303.059082,6326.268066,6303.059082,6319.442871,6319.442871,33608900
12/27/2019,6321.568848,6337.335938,6312.380859,6329.313965,6329.313965,42100200
12/30/2019,6329.134766,6336.919922,6289.546875,6299.539063,6299.539063,47557400
1/2/2020,6313.12793,6317.013184,6263.675781,6283.581055,6283.581055,33043700
1/3/2020,6306.187012,6323.46582,6287.706055,6323.46582,6323.46582,44625300
1/6/2020,6293.499023,6300.436035,6252.634766,6257.402832,6257.402832,41421300
1/7/2020,6272.220215,6284.89209,6246.128906,6279.346191,6279.346191,39441600
1/8/2020,6248.442871,6250.12207,6218.129883,6225.686035,6225.686035,44622600
1/9/2020,6248.661133,6274.493164,6238.98291,6274.493164,6274.493164,41868400
1/10/2020,6287.166992,6295.370117,6271.97998,6274.940918,6274.940918,52213500
1/13/2020,6287.912109,6297.775879,6269.480957,6296.566895,6296.566895,44003800
1/14/2020,6308.890137,6325.405762,6298.60791,6325.405762,6325.405762,44467400
1/15/2020,6326.166016,6348.525879,6255.498047,6283.365234,6283.365234,51089200
1/16/2020,6275.956055,6299.541016,6255.493164,6286.047852,6286.047852,42118300
1/17/2020,6293.782227,6301.484863,6266.932129,6291.657227,6291.657227,37597900
1/20/2020,6310.500977,6312.98877,6240.189941,6245.042969,6245.042969,38818200
1/21/2020,6251.99707,6257.884766,6226.063965,6238.152832,6238.152832,41929600
1/22/2020,6241.575195,6265.51416,6223.189941,6233.453125,6233.453125,51077800
1/23/2020,6243.998047,6255.042969,6229.130859,6249.209961,6249.209961,41256500
1/24/2020,6242.834961,6258.851074,6234.825195,6244.108887,6244.108887,38828900
1/27/2020,6240.817871,6242.176758,6130.928223,6133.208008,6133.208008,43723000
1/28/2020,6111.184082,6111.184082,6111.184082,6111.184082,6111.184082,0
1/29/2020,6123.095215,6152.588867,6102.795898,6113.044922,6113.044922,34605300
1/30/2020,6057.596191,6057.596191,6057.596191,6057.596191,6057.596191,0
1/31/2020,6076.458984,6078.930176,5937.021973,5940.047852,5940.047852,41508700
2/3/2020,5920.967773,5942.782227,5877.201172,5884.169922,5884.169922,34951000
2/4/2020,5947.506836,5952.946777,5911.375,5922.338867,5922.338867,36217700
2/5/2020,5955.519043,5978.509766,5924.374023,5978.509766,5978.509766,39786600
2/6/2020,6002.919922,6013.699219,5969.484863,5987.14502,5987.14502,39909700
2/7/2020,5988.058105,6004.812012,5981.644043,5999.606934,5999.606934,35281700
2/10/2020,5993.376953,5996.46582,5937.380859,5952.083008,5952.083008,34305400
2/11/2020,5974,5975.160156,5946.220215,5954.396973,5954.396973,33700000
2/12/2020,5957.060059,5962.347168,5895.724121,5913.081055,5913.081055,29256800
2/13/2020,5921.912109,5929.499023,5860.254883,5871.954102,5871.954102,33248200
2/14/2020,5857.721191,5890.028809,5843.432129,5866.944824,5866.944824,27655200
2/17/2020,5863.914063,5878.463867,5853.598145,5867.522949,5867.522949,28723300
2/18/2020,5856.880859,5907.13916,5855.924805,5886.961914,5886.961914,34641400
2/19/2020,5898.899902,5928.791016,5898.701172,5928.791016,5928.791016,34517800
2/20/2020,5941.450195,5960.712891,5929.14502,5942.486816,5942.486816,37350100
2/21/2020,5940.785156,5944.205078,5873.731934,5882.254883,5882.254883,36665400
2/24/2020,5846.145996,5863.124023,5787.919922,5807.049805,5807.049805,40039600
2/25/2020,5784.736816,5814.679199,5752.334961,5787.138184,5787.138184,39502600
2/26/2020,5757.166992,5757.740234,5688.920898,5688.920898,5688.920898,39521300
2/27/2020,5680.437012,5684.286133,5526.816895,5535.693848,5535.693848,41308700
2/28/2020,5436.171875,5456.275879,5288.370117,5452.704102,5452.704102,49636800
3/2/2020,5455.045898,5491.134766,5354.620117,5361.246094,5361.246094,40235000
3/3/2020,5431.295898,5545.773926,5431.295898,5518.62793,5518.62793,42974300
3/4/2020,5524.094238,5651.85498,5516.805176,5650.13623,5650.13623,45255400
3/5/2020,5688.778809,5715.940918,5613.719238,5638.129883,5638.129883,40684000
3/6/2020,5575.565918,5577.801758,5498.540039,5498.540039,5498.540039,32430900
3/9/2020,5364.604004,5364.604004,5133.150879,5136.809082,5136.809082,42737600
3/10/2020,5149.493164,5278.422852,5149.452148,5220.826172,5220.826172,44495700
3/11/2020,5231.608887,5264.47998,5112.318848,5154.10498,5154.10498,46650100
3/12/2020,5040.964844,5040.987793,4895.748047,4895.748047,4895.748047,36992900
3/13/2020,4895.748047,4937.993164,4639.914063,4907.570801,4907.570801,46288600
3/16/2020,4907.570801,4907.570801,4677.75,4690.657227,4690.657227,30471900
3/17/2020,4690.657227,4698.043945,4447.956055,4456.749023,4456.749023,30662200
3/18/2020,4456.749023,4473.824219,4284.674805,4330.673828,4330.673828,38642900
3/19/2020,4330.673828,4330.673828,4093.714111,4105.421875,4105.421875,26383700
3/20/2020,4105.421875,4238.263184,3918.340088,4194.943848,4194.943848,63008300
3/23/2020,4194.943848,4194.943848,3975.190918,3989.51709,3989.51709,32514300
3/24/2020,3989.51709,4123.562012,3911.716064,3937.63208,3937.63208,45744100
3/26/2020,3937.63208,4370.660156,3935.914063,4338.903809,4338.903809,81100100
3/27/2020,4338.903809,4697.666016,4338.903809,4545.570801,4545.570801,77851100
3/30/2020,4545.570801,4545.570801,4317.713867,4414.5,4414.5,27552200
3/31/2020,4414.5,4569.473145,4414.5,4538.930176,4538.930176,43426600
4/1/2020,4538.930176,4627.417969,4445.138184,4466.037109,4466.037109,41848000
4/2/2020,4466.037109,4531.685059,4393.668945,4531.685059,4531.685059,46011500
4/3/2020,4531.685059,4623.429199,4531.685059,4623.429199,4623.429199,58684300
4/6/2020,4623.429199,4811.827148,4623.429199,4811.827148,4811.827148,70452900
4/7/2020,4811.827148,4975.536133,4721.721191,4778.63916,4778.63916,86224800
4/8/2020,4778.63916,4780.214844,4583.900879,4626.694824,4626.694824,45557700
4/9/2020,4626.694824,4669.709961,4562.901855,4649.079102,4649.079102,53523100
4/13/2020,4649.079102,4659.029785,4591.728027,4623.894043,4623.894043,45586600
4/14/2020,4623.894043,4706.491211,4623.894043,4706.491211,4706.491211,55226400
4/15/2020,4706.491211,4747.725098,4605.054199,4625.904785,4625.904785,63059600
4/16/2020,4480.606934,4480.606934,4480.606934,4480.606934,4480.606934,0
4/17/2020,4480.606934,4637.242188,4480.606934,4634.820801,4634.820801,54547300
4/20/2020,4634.820801,4669.541992,4573.773926,4575.904785,4575.904785,52113500
4/21/2020,4575.904785,4575.904785,4482.63916,4501.918945,4501.918945,42328500
4/22/2020,4501.918945,4580.680176,4441.089844,4567.562012,4567.562012,48368900
4/23/2020,4567.562012,4629.025879,4567.562012,4593.554199,4593.554199,49463700
4/24/2020,4593.554199,4593.830078,4496.063965,4496.063965,4496.063965,46122600
4/27/2020,4496.063965,4541.312012,4474.893066,4513.141113,4513.141113,36774700
4/28/2020,4513.141113,4532.378906,4494.470215,4529.554199,4529.554199,45440500
4/29/2020,4529.554199,4568.665039,4523.955078,4567.323242,4567.323242,41461800
4/30/2020,4567.323242,4726.773926,4567.323242,4716.402832,4716.402832,60229700
5/4/2020,4716.402832,4716.402832,4576.228027,4605.486816,4605.486816,39084200
5/5/2020,4605.486816,4667.786133,4605.486816,4630.132813,4630.132813,47829500
5/6/2020,4630.132813,4647.524902,4597.750977,4608.790039,4608.790039,45079300
5/8/2020,4608.790039,4630.588867,4586.73877,4597.430176,4597.430176,47798700
5/11/2020,4597.430176,4659.861816,4597.430176,4639.10498,4639.10498,45461000
5/12/2020,4639.10498,4644.134766,4552.387207,4588.733887,4588.733887,46906900
5/13/2020,4588.733887,4588.733887,4519.978027,4554.358887,4554.358887,45092300
5/14/2020,4554.358887,4564.149902,4494.153809,4513.833984,4513.833984,47342600
5/15/2020,4513.833984,4540.420898,4460.272949,4507.606934,4507.606934,46257200
5/18/2020,4507.606934,4527.967773,4487.179199,4511.058105,4511.058105,45156900
5/19/2020,4511.058105,4609.041992,4511.058105,4548.655762,4548.655762,51665300
5/20/2020,4548.655762,4561.554199,4521.470215,4545.952148,4545.952148,42464800
5/26/2020,4545.952148,4634.652832,4541.833984,4626.798828,4626.798828,53757500
5/27/2020,4626.798828,4641.555176,4597.37207,4641.555176,4641.555176,60985400
5/28/2020,4641.555176,4741.603027,4638.808105,4716.185059,4716.185059,68549600
5/29/2020,4716.185059,4755.957031,4704.788086,4753.611816,4753.611816,104791300
6/2/2020,4753.611816,4884.01123,4753.611816,4847.506836,4847.506836,73135500
6/3/2020,4847.506836,4960.070801,4847.506836,4941.005859,4941.005859,101631500
6/4/2020,4941.005859,5014.76416,4899.390137,4916.704102,4916.704102,110933800
6/5/2020,4916.704102,4948.512207,4851.148926,4947.782227,4947.782227,86864800
6/8/2020,4947.782227,5103.085938,4947.782227,5070.561035,5070.561035,138169200
6/9/2020,5070.561035,5139.405762,5023.76709,5035.055176,5035.055176,115140600
6/10/2020,5035.055176,5036.855957,4892.817871,4920.682129,4920.682129,84234700
6/11/2020,4920.682129,4931.242188,4812.192871,4854.753906,4854.753906,71655200
6/12/2020,4854.753906,4880.358887,4712.073242,4880.358887,4880.358887,80885000
6/15/2020,4880.358887,4918.056152,4809.619141,4816.335938,4816.335938,64138400
6/16/2020,4816.335938,4989.526855,4816.335938,4986.458008,4986.458008,75836700
6/17/2020,4986.458008,5018.984863,4968.925781,4987.775879,4987.775879,68366200
6/18/2020,4987.775879,4993.61377,4925.248047,4925.248047,4925.248047,70877500
6/19/2020,4925.248047,4970.066895,4925.248047,4942.274902,4942.274902,57556700
6/22/2020,4942.274902,4957.666016,4904.766113,4918.831055,4918.831055,47869800
6/23/2020,4918.831055,4938.394043,4879.132813,4879.132813,4879.132813,54884300
6/24/2020,4879.132813,4977.650879,4879.132813,4964.734863,4964.734863,62466500
6/25/2020,4964.734863,4964.734863,4883.709961,4896.72998,4896.72998,50705900
6/26/2020,4896.72998,4941.138184,4882.141113,4904.087891,4904.087891,44280300
6/29/2020,4904.087891,4909.905762,4862.041016,4901.817871,4901.817871,44174500
6/30/2020,4901.817871,4939.839844,4894.120117,4905.39209,4905.39209,51279100
7/1/2020,4905.39209,4928.611816,4885.602051,4914.388184,4914.388184,43243400
7/2/2020,4914.388184,4966.779785,4914.388184,4966.779785,4966.779785,55396200
7/3/2020,4966.779785,4997.481934,4964.10791,4973.793945,4973.793945,55723400
7/6/2020,4973.793945,5009.345215,4973.490234,4988.866211,4988.866211,64282100
7/7/2020,4988.866211,5011.712891,4982.333984,4987.082031,4987.082031,72834600
7/8/2020,4987.082031,5080.251953,4985.01709,5076.173828,5076.173828,73499000
7/9/2020,5076.173828,5111.563965,5041.930176,5052.793945,5052.793945,79794300
7/10/2020,5052.793945,5076.520996,5022.169922,5031.255859,5031.255859,67684500
7/13/2020,5031.255859,5075.098145,5024.934082,5064.446777,5064.446777,65331900
7/14/2020,5064.446777,5079.12207,5053.722168,5079.12207,5079.12207,71530500
7/15/2020,5079.12207,5116.463867,5069.380859,5075.797852,5075.797852,82580500
7/16/2020,5075.797852,5107.259766,5075.797852,5098.374023,5098.374023,68710400
7/17/2020,5098.374023,5110.430176,5073.557129,5079.584961,5079.584961,61709100
7/20/2020,5079.584961,5100.191895,5031.888184,5051.105957,5051.105957,68632100
7/21/2020,5051.105957,5135.559082,5047.085938,5114.708984,5114.708984,83156800
7/22/2020,5114.708984,5142.043945,5099.566895,5110.187012,5110.187012,79454100
7/23/2020,5110.220215,5162.97998,5110.220215,5145.009766,5145.009766,98800000
7/24/2020,5145.01123,5149.589844,5074.492188,5082.991211,5082.991211,97013800
7/27/2020,5082.991211,5116.666016,5080.121094,5116.666016,5116.666016,103523300
7/28/2020,5116.666016,5143.286133,5097.418945,5112.98877,5112.98877,91890400
7/29/2020,5111.109863,5149.629883,5091.399902,5149.629883,5149.629883,80750000
7/30/2020,5111.112793,5149.626953,5091.399902,5149.626953,5149.626953,80749900
8/3/2020,5149.626953,5157.272949,4928.467773,5006.223145,5006.223145,83815200
8/4/2020,5006.223145,5075.001953,5006.223145,5075.001953,5075.001953,73766600
8/5/2020,5075.001953,5127.050781,5059.088867,5127.050781,5127.050781,84611300
8/6/2020,5127.050781,5187.963867,5127.050781,5178.271973,5178.271973,90452400
8/7/2020,5178.271973,5187.374023,5119.683105,5143.893066,5143.893066,91282400
8/10/2020,5157.833984,5157.833984,5157.833984,5157.833984,5157.833984,0
8/11/2020,5157.930176,5201.450195,5157.930176,5190.169922,5190.169922,88400000
8/12/2020,5190.166016,5235.52002,5178.458984,5233.452148,5233.452148,96807400
8/13/2020,5233.452148,5279.349121,5218.413086,5239.25,5239.25,84601700
8/14/2020,5239.25,5255.374023,5221.919922,5247.689941,5247.689941,70397600
8/18/2020,5247.689941,5316.132813,5243.995117,5295.173828,5295.173828,95642400
8/19/2020,5295.173828,5327.315918,5268.506836,5272.810059,5272.810059,92676400
8/24/2020,5272.810059,5294.153809,5261.408203,5277.041016,5277.041016,138410800
8/25/2020,5277.041016,5341.376953,5276.957031,5338.888184,5338.888184,146510200
8/26/2020,5338.888184,5351.471191,5324.612793,5340.328125,5340.328125,137729200
8/27/2020,5340.328125,5371.472168,5325.487793,5371.472168,5371.472168,134549700
8/28/2020,5371.472168,5381.948242,5325.60498,5346.65918,5346.65918,107955900
8/31/2020,5346.65918,5369.446777,5233.143066,5238.486816,5238.486816,124088000
9/1/2020,5238.486816,5310.679199,5219.208008,5310.679199,5310.679199,90465800
9/2/2020,5310.679199,5337.099121,5295.276855,5311.970215,5311.970215,121613800
9/3/2020,5311.970215,5331.167969,5242.171875,5280.812988,5280.812988,136923000
9/4/2020,5280.812988,5280.812988,5188.608887,5239.851074,5239.851074,95095800
9/7/2020,5235.009766,5245.349121,5195.865234,5230.195801,5230.195801,80111600
9/8/2020,5232.917969,5256.305176,5232.917969,5244.071777,5244.071777,103353200
9/9/2020,5214.032227,5216.02002,5135.812012,5149.375977,5149.375977,101220300
9/10/2020,5084.326172,5084.483887,4878.279785,4891.460938,4891.460938,82384700
9/11/2020,4804.644043,5016.711914,4754.798828,5016.711914,5016.711914,125812400
9/14/2020,5060.023926,5161.828125,5059.26709,5161.828125,5161.828125,109865600
9/15/2020,5169.245117,5187.278809,5091.293945,5100.865234,5100.865234,113645500
9/16/2020,5108.12793,5117.287109,5051.753906,5058.481934,5058.481934,88769100
9/17/2020,5058.950195,5099.577148,5013.186035,5038.400879,5038.400879,85305000
9/18/2020,5037.369141,5072.680176,5023.443848,5059.223145,5059.223145,105751600
9/21/2020,5058.990234,5075.818848,4987.748047,4999.359863,4999.359863,106452100
9/22/2020,4947.730957,4978.440918,4919.109863,4934.092773,4934.092773,74792200
9/23/2020,4946.50293,4984.23877,4873.020996,4917.955078,4917.955078,70609200
9/24/2020,4876.351074,4897.336914,4820.331055,4842.755859,4842.755859,65673400
9/25/2020,4867.962891,4949.303223,4848.024902,4945.791016,4945.791016,88843900
9/28/2020,4962.953125,4991.762207,4905.51123,4906.547852,4906.547852,83772300
9/29/2020,4929.333008,4950.967773,4859.786133,4879.098145,4879.098145,86481700
9/30/2020,4896.432129,4903.86377,4841.361816,4870.039063,4870.039063,85378000
10/1/2020,4899.644043,4970.094238,4898.99707,4970.094238,4970.094238,96362100
10/2/2020,4969.245117,4972.823242,4881.913086,4926.733887,4926.733887,88815300
10/5/2020,4947.040039,4962.792969,4915.685059,4958.769043,4958.769043,70868100
10/6/2020,5004.395996,5023.894043,4992.481934,4999.221191,4999.221191,108547800
10/7/2020,4976.567871,5014.609863,4962.089844,5004.327148,5004.327148,92870700
10/8/2020,5018.736816,5039.14209,5001.519043,5039.14209,5039.14209,80288700
10/9/2020,5036.476074,5057.835938,5029.151855,5053.663086,5053.663086,69016600
10/12/2020,5078.128906,5103.50293,5078.128906,5093.099121,5093.099121,91642100
10/13/2020,5093.421875,5132.958984,5064.170898,5132.571777,5132.571777,110621000
10/14/2020,5134.662109,5177.924805,5125.044922,5176.099121,5176.099121,119876700
10/15/2020,5172.59082,5182.530762,5105.149902,5105.149902,5105.149902,110523700
10/16/2020,5111.434082,5115.558105,5067.588867,5103.414063,5103.414063,92480400
10/19/2020,5116.757813,5128.651855,5090.776855,5126.330078,5126.330078,111112200
10/20/2020,5120.913086,5135.078125,5080.956055,5099.839844,5099.839844,88592600
10/21/2020,5116.790039,5131.506836,5083.660156,5096.445801,5096.445801,104786700
10/22/2020,5084.790039,5093.825195,5063.696777,5091.815918,5091.815918,122922500
10/23/2020,5112.787109,5121.02002,5095.506836,5112.187988,5112.187988,95498300
10/26/2020,5113.148926,5158.265137,5113.022949,5144.048828,5144.048828,103314100
10/27/2020,5133.537109,5155.565918,5110.618164,5128.225098,5128.225098,107122400
11/2/2020,5108.028809,5130.686035,5073.5,5115.12793,5115.12793,97646200
11/3/2020,5133.981934,5162.347168,5131.949219,5159.452148,5159.452148,101351100
11/4/2020,5170.823242,5188.008789,5105.199219,5105.199219,5105.199219,103974300
11/5/2020,5161.390137,5260.326172,5161.390137,5260.326172,5260.326172,108832000
11/6/2020,5276.164063,5335.528809,5246.701172,5335.528809,5335.528809,104732100
11/9/2020,5371.971191,5395.711914,5319.419922,5356.004883,5356.004883,121516500
11/10/2020,5424.731934,5469.183105,5412.594238,5462.73877,5462.73877,149596500
11/11/2020,5475.564941,5520.908203,5471.591797,5509.513184,5509.513184,165238700
11/12/2020,5494.484863,5500.416016,5449.796875,5458.602051,5458.602051,119777900
11/13/2020,5449.101074,5466.563965,5427.631836,5461.058105,5461.058105,113428800
11/16/2020,5500.03418,5519.679199,5462.459961,5494.87207,5494.87207,119907500
11/17/2020,5516.580078,5562.537109,5515.519043,5529.939941,5529.939941,146811400
11/18/2020,5530.875977,5574.728027,5530.875977,5557.518066,5557.518066,140753000
11/19/2020,5541.421875,5598.523926,5541.313965,5594.059082,5594.059082,166665200
11/20/2020,5602.783203,5628.441895,5563.654785,5571.655762,5571.655762,215797300
11/23/2020,5583.330078,5652.76416,5583.330078,5652.76416,5652.76416,189943100
11/24/2020,5677.299805,5710.380859,5667.368164,5701.028809,5701.028809,240469400
11/25/2020,5735.13623,5770.661133,5666.76416,5679.24707,5679.24707,325423300
11/26/2020,5669.664063,5759.916016,5669.664063,5759.916016,5759.916016,248292500
11/27/2020,5773.555176,5795.835938,5745.884766,5783.334961,5783.334961,251434900
11/30/2020,5779.670898,5798.291992,5563.861816,5612.415039,5612.415039,319900500
12/1/2020,5637.894043,5736.318848,5594.277832,5724.742188,5724.742188,209477700
12/2/2020,5755.175781,5813.986816,5734.26123,5813.986816,5813.986816,219110200
12/3/2020,5833.323242,5853.155762,5797.013184,5822.941895,5822.941895,238397400
12/4/2020,5820.819824,5823.324219,5775.569824,5810.48291,5810.48291,173857900
12/7/2020,5854.303223,5941.352051,5854.303223,5930.758789,5930.758789,226790300
12/8/2020,5947.658203,5961.778809,5911.098145,5944.40918,5944.40918,294205100
12/10/2020,5976.999023,6004.422852,5911.914063,5933.698242,5933.698242,264587600
12/11/2020,5946.358887,5976.568848,5924.371094,5938.329102,5938.329102,217654500
12/14/2020,5959.274902,6013.951172,5959.274902,6012.516113,6012.516113,226876100
12/15/2020,6013.51123,6023.214844,5965.805176,6010.12793,6010.12793,194411200
12/16/2020,6046.866211,6123.953125,6046.866211,6118.401855,6118.401855,291042900
12/17/2020,6133.096191,6160.977051,6075.832031,6113.381836,6113.381836,321737000
12/18/2020,6106.250977,6142.85791,6091.397949,6104.324219,6104.324219,257981400
12/21/2020,6131.623047,6195.153809,6119.917969,6165.624023,6165.624023,238612700
12/22/2020,6146.645996,6174.458984,6010.210938,6023.289063,6023.289063,250085200
12/23/2020,6061.848145,6104.35498,5853.26123,6008.708984,6008.708984,203528500
12/28/2020,6067,6095.007813,5979.904785,6093.554199,6093.554199,180855700
12/29/2020,6112.720215,6143.870117,6026.705078,6036.173828,6036.173828,175135000
12/30/2020,6052.121094,6055.970215,5962.009766,5979.073242,5979.073242,170039300
1/4/2021,5997.830078,6104.897949,5929.047852,6104.897949,6104.897949,183917000
1/5/2021,6105.793945,6145.612793,6073.416016,6137.342773,6137.342773,174687000
1/6/2021,6139.137207,6166.628906,5987.785156,6065.682129,6065.682129,199163800
1/7/2021,6091.716797,6158.037109,6090.36084,6153.632813,6153.632813,227517900
1/8/2021,6190.948242,6275.742188,6190.101074,6257.834961,6257.834961,221751300
1/11/2021,6278.413086,6382.937012,6278.374023,6382.937012,6382.937012,297901100
1/12/2021,6393.902832,6435.959961,6353.307129,6395.668945,6395.668945,279603400
1/13/2021,6439.934082,6464.350098,6393.898926,6435.205078,6435.205078,343008100
1/14/2021,6445.900879,6465.532227,6407.569824,6428.314941,6428.314941,344812000
1/15/2021,6447.984863,6472.312012,6341.250977,6373.412109,6373.412109,262275900
1/18/2021,6365.025879,6428.314941,6316.875,6389.833984,6389.833984,337569400
1/19/2021,6421.86084,6434.842773,6288.978027,6321.855957,6321.855957,223716900
1/20/2021,6334.512207,6440.796875,6299.39209,6429.757813,6429.757813,190944100
1/21/2021,6476.094238,6504.992188,6399.666016,6413.89209,6413.89209,171080400
1/22/2021,6419.573242,6428.49707,6283.312988,6307.126953,6307.126953,157918500
1/25/2021,6322.519043,6322.727051,6148.307129,6258.571777,6258.571777,154806200
1/26/2021,6252.713867,6269.665039,6123.008789,6140.170898,6140.170898,172159800
1/27/2021,6153.078125,6154.60498,5998.898926,6109.167969,6109.167969,181402600
1/28/2021,6065.788086,6123.460938,5957.551758,5979.387207,5979.387207,157336200
1/29/2021,6010.342773,6068.12793,5825.291992,5862.352051,5862.352051,147664800
2/1/2021,5856.776855,6070.734863,5735.469238,6067.544922,6067.544922,208886800
2/2/2021,6119.01123,6157.249023,6018.094238,6043.84082,6043.84082,227307800
2/3/2021,6096.583984,6137.681152,6047.412109,6077.745117,6077.745117,153874400
2/4/2021,6111.757813,6179.368164,6069.549805,6107.21582,6107.21582,148241900
2/5/2021,6136.393066,6151.729004,6090.980957,6151.729004,6151.729004,134669100
2/8/2021,6193.550781,6224.414063,6180.731934,6208.866211,6208.866211,161586900
2/9/2021,6232.102051,6286.291016,6157.134766,6181.671875,6181.671875,175273400
2/10/2021,6198.032227,6216.938965,6168.013184,6201.828125,6201.828125,122608700
2/11/2021,6221.633789,6232.850098,6194.009766,6222.520996,6222.520996,104014000
2/15/2021,6244.384766,6283.415039,6244.384766,6270.324219,6270.324219,123956100
2/16/2021,6291.007813,6308.811035,6274.353027,6292.395996,6292.395996,144173700
2/17/2021,6292.970215,6314.555176,6209.314941,6227.728027,6227.728027,169907100
2/18/2021,6230.356934,6281.35791,6200.308105,6200.308105,6200.308105,167455200
2/19/2021,6196.898926,6231.932129,6173.594238,6231.932129,6231.932129,133625600
2/22/2021,6267.024902,6312.873047,6255.312012,6255.312012,6255.312012,145005700
2/23/2021,6267.454102,6279.143066,6241.951172,6272.807129,6272.807129,126272800
2/24/2021,6283.794922,6294.140137,6223.648926,6251.054199,6251.054199,152221800
2/25/2021,6280.727051,6309.757813,6274.49707,6289.645996,6289.645996,237490100
2/26/2021,6246.316895,6302.394043,6184.51709,6241.795898,6241.795898,219493200
3/1/2021,6281.856934,6339.008789,6261.559082,6338.513184,6338.513184,173079500
3/2/2021,6367.438965,6388.121094,6329.498047,6359.205078,6359.205078,180676700
3/3/2021,6378.797852,6394.452148,6334.244141,6376.756836,6376.756836,242358700
3/4/2021,6355.375977,6369.411133,6270.10791,6290.798828,6290.798828,238207200
3/5/2021,6263.043945,6307.683105,6245.308105,6258.749023,6258.749023,153557700
3/8/2021,6304,6325.515137,6239.049805,6248.464844,6248.464844,155718400
3/9/2021,6258.669922,6267.423828,6167.717773,6199.646973,6199.646973,188106700
3/10/2021,6233.616211,6276.158203,6225.455078,6264.679199,6264.679199,121957600
3/12/2021,6316.880859,6364.356934,6298.522949,6358.208984,6358.208984,186241800
3/15/2021,6374.762207,6387.73584,6324.258789,6324.258789,6324.258789,137895500
3/16/2021,6347.188965,6355.411133,6296.896973,6309.699219,6309.699219,155061500
3/17/2021,6318.068848,6321.336914,6268.838867,6277.228027,6277.228027,138044900
3/18/2021,6309.575195,6358.425781,6307,6347.829102,6347.829102,149718200
3/19/2021,6346.008789,6356.160156,6307.101074,6356.160156,6356.160156,162089200
3/22/2021,6346.794922,6354.938965,6290.021973,6301.130859,6301.130859,128638500
3/23/2021,6331.698242,6342.129883,6245.991211,6252.711914,6252.711914,173805000
3/24/2021,6231.712891,6239.546875,6143.380859,6156.140137,6156.140137,138290000
3/25/2021,6159.619141,6176.426758,6058.842773,6122.875977,6122.875977,147353000
3/26/2021,6141.605957,6195.562012,6106.078125,6195.562012,6195.562012,124284100
3/29/2021,6205.568848,6230.990234,6165.553223,6166.817871,6166.817871,114609800
3/30/2021,6163.721191,6170.668945,6046.467773,6071.441895,6071.441895,118686600
3/31/2021,6062.950195,6066.836914,5892.64502,5985.521973,5985.521973,123071400
4/1/2021,5988.022949,6020.164063,5960.816895,6011.456055,6011.456055,106367400
4/5/2021,6040.055176,6051.621094,5964.483887,5970.286133,5970.286133,122053600
4/6/2021,5973.986816,6008.504883,5944.420898,6002.77002,6002.77002,126386100
4/7/2021,6011.958008,6040.456055,5982.066895,6036.616211,6036.616211,141523800
4/8/2021,6035.037109,6073.914063,6030.286133,6071.724121,6071.724121,169546400
4/9/2021,6101.723145,6113.155762,6070.208984,6070.208984,6070.208984,161275600
4/12/2021,6080.791992,6088.828125,5942.713867,5948.568848,5948.568848,130244200
4/13/2021,5944.525879,5957.611816,5883.523926,5927.435059,5927.435059,107375400
4/14/2021,5964.029785,6050.275879,5962.316895,6050.275879,6050.275879,141883200
4/15/2021,6057.61084,6079.500977,6029.153809,6079.500977,6079.500977,132167700
4/16/2021,6102.37793,6115.620117,6062.921875,6086.257813,6086.257813,158024500
4/19/2021,6084.785156,6096.995117,6031.832031,6052.540039,6052.540039,159845500
4/20/2021,6029.992188,6045.693848,5997.948242,6038.321777,6038.321777,106712400
4/21/2021,6010.268066,6025.5,5989.983887,5993.242188,5993.242188,117327800
4/22/2021,6004.793945,6024.937988,5980.455078,5994.184082,5994.184082,139778300
4/23/2021,6000.912109,6027.059082,5973.24707,6016.86377,6016.86377,151530300
4/26/2021,6018.339844,6027.75293,5955.618164,5964.820801,5964.820801,122797700
4/27/2021,5986.996094,6003.917969,5950.868164,5959.621094,5959.621094,122928600
4/28/2021,5959.951172,5981.895996,5953.942871,5974.479004,5974.479004,127681000
4/29/2021,6005.798828,6019.024902,5987.743164,6012.960938,6012.960938,130962400
4/30/2021,6026.527832,6033.899902,5985.021973,5995.616211,5995.616211,136841700
5/3/2021,5999.661133,6004.007813,5938.875977,5952.597168,5952.597168,152015700
5/4/2021,5955.39502,5974.682129,5932.317871,5963.819824,5963.819824,141538100
5/5/2021,5974.560059,5992.932129,5971.309082,5975.911133,5975.911133,131241100
5/6/2021,5987.065918,6005.087891,5950.899902,5970.240234,5970.240234,120448300
5/7/2021,5987.330078,5994.330078,5922.493164,5928.309082,5928.309082,121835200
5/10/2021,5942.105957,5985.37207,5941.926758,5975.787109,5975.787109,120144700
5/11/2021,5965.852051,5966.664063,5911.375977,5938.351074,5938.351074,120811100
5/17/2021,5950.137207,5958.792969,5817.707031,5833.859863,5833.859863,150604900
5/18/2021,5836.083984,5855.666992,5782.776855,5834.394043,5834.394043,160329900
5/19/2021,5817.13623,5828.210938,5752.256836,5760.583984,5760.583984,138298600
5/20/2021,5759.629883,5814.779785,5751.34082,5797.597168,5797.597168,114025600
5/21/2021,5824.109863,5838.229004,5742.038086,5773.120117,5773.120117,133703000
5/24/2021,5793.066895,5805.152832,5759.339844,5763.631836,5763.631836,141371900
5/25/2021,5772.937012,5848.554199,5769.287109,5815.839844,5815.839844,144613700
5/27/2021,5850.501953,5904.837891,5841.828125,5841.828125,5841.828125,211859200
5/28/2021,5875.270996,5891.472168,5833.342773,5848.616211,5848.616211,181542500
5/31/2021,5869.217773,5947.462891,5860.536133,5947.462891,5947.462891,169049900
6/2/2021,6002.480957,6031.578125,5991.506836,6031.578125,6031.578125,178537100
6/3/2021,6038.856934,6091.513184,6005.63623,6091.513184,6091.513184,181262300
6/4/2021,6091.129883,6103.858887,6043.856934,6065.166016,6065.166016,158659400
6/7/2021,6075.506836,6088,6050.800781,6069.935059,6069.935059,200000700
6/8/2021,6071.25,6075.88623,5992.118164,5999.369141,5999.369141,265159600
6/9/2021,5973.036133,6047.475098,5972.449219,6047.475098,6047.475098,239289300
6/10/2021,6065.925781,6111.445801,6064.933105,6107.538086,6107.538086,215823100
6/11/2021,6118.379883,6134.881836,6084.23877,6095.49707,6095.49707,196526600
6/14/2021,6110.796875,6124.87207,6071.725098,6080.383789,6080.383789,196186700
6/15/2021,6085.36084,6091.367188,6051.245117,6089.038086,6089.038086,163564500
6/16/2021,6071.438965,6114.096191,6049.575195,6078.567871,6078.567871,152950200
6/17/2021,6063.537109,6082.291992,6034.827148,6068.446777,6068.446777,205095900
6/18/2021,6065.519043,6070.416016,5944.053223,6007.120117,6007.120117,238006900
6/21/2021,5959.964844,6021.494141,5884.917969,5996.25293,5996.25293,159997500
6/22/2021,6006.665039,6118.861816,6006.665039,6087.841797,6087.841797,151167900
6/23/2021,6095.89502,6130.096191,6034.542969,6034.542969,6034.542969,199578400
6/24/2021,6052.080078,6060.48877,6003.196777,6012.056152,6012.056152,168548200
6/25/2021,6027.220215,6067.791016,6019.404785,6022.398926,6022.398926,172441600
6/28/2021,6015.278809,6030.890137,5939.471191,5939.471191,5939.471191,145849200
6/29/2021,5944.242188,5992.86377,5913.59082,5949.049805,5949.049805,188801800
6/30/2021,5950.433105,6011.256836,5950.423828,5985.48877,5985.48877,203167100
7/1/2021,6001.121094,6039.03418,5969.099121,6005.958008,6005.958008,140966500
7/2/2021,6020.074219,6043.432129,6014.871094,6023.007813,6023.007813,146766100
7/5/2021,6024.165039,6036.979004,5985.354004,6005.608887,6005.608887,131732000
7/6/2021,6015.581055,6054.60791,6013.062012,6047.11084,6047.11084,161021000
7/7/2021,6062.769043,6066.994141,6022.305176,6044.037109,6044.037109,165513600
7/8/2021,6052.804199,6080.222168,6028.60791,6039.895996,6039.895996,159513500
7/9/2021,6037.003906,6060.541016,6026.547852,6039.844238,6039.844238,136425200
7/12/2021,6060.054199,6097.120117,6055.98584,6078.567871,6078.567871,135385400
7/13/2021,6097.229004,6114.286133,6004.821777,6012.032227,6012.032227,172635900
7/14/2021,6008.241211,6013.041992,5947.618164,5979.214844,5979.214844,138499900
7/15/2021,5986.649902,6046.753906,5982.804199,6046.753906,6046.753906,141035200
7/16/2021,6063.421875,6079.13916,6051.757813,6072.509766,6072.509766,129367700
7/19/2021,6062.96582,6063.646973,6015.148926,6017.394043,6017.394043,123010800
7/21/2021,6034.571777,6053.192871,6020.86377,6029.976074,6029.976074,153050600
7/22/2021,6057.541016,6137.546875,6057.541016,6137.546875,6137.546875,178417800
7/23/2021,6145.76123,6166.305176,6090.603027,6101.689941,6101.689941,143269200
7/26/2021,6109.030762,6137.045898,6091.015137,6106.394043,6106.394043,156210200
7/27/2021,6120.929199,6144.584961,6068.512207,6097.048828,6097.048828,179173700
7/28/2021,6094.541016,6116.504883,6074.867188,6088.522949,6088.522949,161217600
7/29/2021,6106.611816,6135.349121,6096.50293,6120.727051,6120.727051,178890400
7/30/2021,6136.368164,6160.462891,6069.839844,6070.039063,6070.039063,193641700
8/2/2021,6098.007813,6112.829102,6048.101074,6096.542969,6096.542969,216299000
8/3/2021,6107.996094,6142.515137,6105.109863,6130.570801,6130.570801,226801300
8/4/2021,6142.475098,6163.814941,6112.720215,6159.035156,6159.035156,271201100
8/5/2021,6174.60791,6218.645996,6173.574219,6205.416992,6205.416992,268332500
8/6/2021,6223.833984,6263.539063,6190.856934,6203.431152,6203.431152,245459900
8/9/2021,6203.74707,6239.015137,6110.546875,6127.456055,6127.456055,293622300
8/10/2021,6139.339844,6147.765137,6042.475098,6088.408203,6088.408203,205029900
8/12/2021,6092.245117,6139.808105,6051.852051,6139.651855,6139.651855,206955800
8/13/2021,6154.051758,6179.895996,6113.263184,6139.492188,6139.492188,163739300
8/16/2021,6144.942871,6147.304199,6056.736816,6087.913086,6087.913086,171745600
8/18/2021,6109.561035,6136.282227,6040.603027,6118.149902,6118.149902,208983000
8/19/2021,6110.549805,6111.012207,5958.043945,5992.321777,5992.321777,214361500
8/20/2021,5988.757813,6030.771973,5938.407227,6030.771973,6030.771973,200995800
8/23/2021,6037.700195,6109.828125,6037.700195,6109.828125,6109.828125,193786700
8/24/2021,6114.666992,6138.49707,6053.573242,6089.49707,6089.49707,238973300
8/25/2021,6094.14502,6131.910156,6093.095215,6113.240234,6113.240234,214295900
8/26/2021,6107.040039,6119.657227,6034.049805,6058.080078,6058.080078,172987800
8/27/2021,6052.827148,6066.491211,6021.954102,6041.366211,6041.366211,156989800
8/30/2021,6062.112793,6144.901855,6062.112793,6144.901855,6144.901855,159300800
8/31/2021,6148.768066,6158.069824,6117.50293,6150.298828,6150.298828,189133300
9/1/2021,6157.820801,6169.056152,6089.23291,6090.933105,6090.933105,194563800
9/2/2021,6092.650879,6110.049805,6054.280762,6078.229004,6078.229004,179403300
9/3/2021,6085.62793,6126.920898,6056.186035,6126.920898,6126.920898,171489500
9/6/2021,6137.125977,6150.35791,6100.931152,6126.937988,6126.937988,173887900
9/7/2021,6135.870117,6145.48877,6100.943848,6112.399902,6112.399902,180693200
9/8/2021,6114.477051,6123.755859,6001.579102,6026.02002,6026.02002,196394300
9/9/2021,6024.316895,6072.643066,5982.766113,6068.219238,6068.219238,214651900
9/10/2021,6059.154785,6102.831055,6047.608887,6094.873047,6094.873047,192886100
9/13/2021,6080.062012,6094.987793,6052.970215,6088.157227,6088.157227,158870000
9/14/2021,6100.628906,6130.862793,6099.158203,6129.095215,6129.095215,201683300
9/15/2021,6123.910156,6125.333984,6100.003906,6110.229004,6110.229004,188698800
9/16/2021,6126.555176,6137.668945,6098.876953,6109.941895,6109.941895,218872800
9/17/2021,6098.87793,6133.246094,6086.083984,6133.246094,6133.246094,224719500
9/20/2021,6132.03418,6133.170898,6053.932129,6076.314941,6076.314941,176619400
9/21/2021,6049.792969,6068.792969,5996.407227,6060.756836,6060.756836,179600700
9/22/2021,6060.305176,6123.741211,6059.62793,6108.265137,6108.265137,184349300
9/23/2021,6117.643066,6148.146973,6117.576172,6142.711914,6142.711914,213294700
9/24/2021,6142.287109,6163.883789,6119.137207,6144.814941,6144.814941,196295300
9/27/2021,6141.470215,6163.279785,6109.666016,6122.495117,6122.495117,206632900
9/28/2021,6128.058105,6137.954102,6097.722168,6113.111816,6113.111816,272570100
9/29/2021,6100.826172,6162.554199,6086.263184,6162.554199,6162.554199,230726900
9/30/2021,6175.416016,6286.942871,6174.182129,6286.942871,6286.942871,202745700
10/1/2021,6269.237793,6272.064941,6202.905762,6228.845215,6228.845215,190252600
10/4/2021,6234.798828,6342.686035,6234.798828,6342.686035,6342.686035,257881700
10/5/2021,6337.326172,6361.453125,6277.700195,6288.048828,6288.048828,268318400
10/6/2021,6313.652832,6441.503906,6307.108887,6417.323242,6417.323242,231440600
10/7/2021,6414.912109,6458.638184,6392.727051,6416.395996,6416.395996,183232100
10/8/2021,6440,6497.655762,6436.51709,6481.769043,6481.769043,231302300
10/11/2021,6482.957031,6506.091797,6451.678223,6459.696777,6459.696777,204779900
10/12/2021,6462.314941,6504.013184,6460.086914,6486.26709,6486.26709,204607300
10/13/2021,6502.157227,6600.518066,6492.655762,6536.903809,6536.903809,193450700
10/14/2021,6552.210938,6637.399902,6552.210938,6626.11377,6626.11377,178191500
10/15/2021,6645.259766,6680.008789,6573.342773,6633.337891,6633.337891,160148800
10/18/2021,6649.280762,6684.818848,6620.845215,6658.768066,6658.768066,188565300
10/19/2021,6665.719238,6677.597168,6613.88916,6655.998047,6655.998047,188504800
10/21/2021,6670.272949,6687.133789,6602.065918,6632.972168,6632.972168,215065000
10/22/2021,6620.65918,6655.442871,6585.557129,6643.737793,6643.737793,165782200
10/25/2021,6626.367188,6673.515137,6625.696777,6625.696777,6625.696777,175632400
10/26/2021,6640.051758,6680.117188,6638.027832,6656.937012,6656.937012,180194900
10/27/2021,6664.373047,6670.809082,6590.504883,6602.208984,6602.208984,182503600
10/28/2021,6578.583008,6600.24707,6509.87793,6524.076172,6524.076172,189347200
10/29/2021,6561.712891,6596.769043,6551.539063,6591.346191,6591.346191,171512200
11/1/2021,6618.12207,6627.851074,6552.88916,6552.88916,6552.88916,182528900
11/2/2021,6557.944824,6573.693848,6480.009766,6493.274902,6493.274902,165299300
11/3/2021,6497.865234,6561.810059,6485.250977,6552.129883,6552.129883,171604200
11/4/2021,6588.188965,6617.861816,6583.169922,6586.442871,6586.442871,155291000
11/5/2021,6600.722168,6608.424805,6550.117188,6581.785156,6581.785156,154117700
11/8/2021,6599.404785,6637.01123,6592.055176,6632.296875,6632.296875,167444200
11/9/2021,6640.221191,6669.924805,6633.208008,6669.924805,6669.924805,192392200
11/10/2021,6665.548828,6683.14502,6651.797852,6683.14502,6683.14502,153422900
11/11/2021,6694.583008,6704.463867,6671.227051,6691.341797,6691.341797,209193300
11/12/2021,6710.853027,6714.158203,6646.315918,6651.054199,6651.054199,198646700
11/15/2021,6661.849121,6675.595215,6610.823242,6616.028809,6616.028809,203267300
11/16/2021,6598.408203,6654.515137,6592.228027,6651.207031,6651.207031,207039500
11/17/2021,6667.861816,6679.304199,6650.494141,6675.804199,6675.804199,217158400
11/18/2021,6653.700195,6669.786133,6621.692871,6636.469238,6636.469238,248016700
11/19/2021,6651.778809,6720.987793,6651.778809,6720.263184,6720.263184,258781800
11/22/2021,6731.515137,6754.463867,6690.817871,6723.38623,6723.38623,218097200
11/23/2021,6716.157227,6732.897949,6662.538086,6677.875977,6677.875977,186336800
11/24/2021,6697.423828,6698.414063,6668.054199,6683.276855,6683.276855,224587000
11/25/2021,6694.957031,6751.001953,6694.796875,6699.346191,6699.346191,215655400
11/26/2021,6688.568848,6691.711914,6544.895996,6561.553223,6561.553223,242523500
11/29/2021,6552.803223,6617.287109,6487.748047,6608.290039,6608.290039,0
11/30/2021,6605.796875,6647.477051,6533.932129,6533.932129,6533.932129,216798600
12/1/2021,6544.51709,6593.074219,6494.49707,6507.676758,6507.676758,195068500
12/2/2021,6517.338867,6586.895996,6484.578125,6583.819824,6583.819824,210837500
12/3/2021,6588.01416,6600.165039,6536.907227,6538.505859,6538.505859,172625500
12/6/2021,6552.815918,6585.263184,6525.984863,6547.116211,6547.116211,180052400
12/7/2021,6575.976074,6608.633789,6573.109863,6602.568848,6602.568848,212352000
12/8/2021,6618.754883,6632.940918,6584.969238,6603.797852,6603.797852,216901600
12/9/2021,6617.132813,6643.932129,6602.876953,6643.932129,6643.932129,240218200
12/10/2021,6618.686035,6652.921875,6605.416016,6652.921875,6652.921875,229170800
12/13/2021,6663.73877,6688.378906,6659.166992,6662.871094,6662.871094,232086300
12/14/2021,6665.382813,6671.312988,6598.694824,6615.637207,6615.637207,187591100
12/15/2021,6615.724121,6662.839844,6610.452148,6626.256836,6626.256836,196016500
12/16/2021,6648.288086,6661.944824,6579.36377,6594.797852,6594.797852,185929900
12/17/2021,6584.887207,6609.044922,6559.303223,6601.932129,6601.932129,210214300
12/20/2021,6571.345215,6579.128906,6533.522949,6547.111816,6547.111816,181341400
12/21/2021,6545.537109,6579.89209,6531.564941,6554.309082,6554.309082,186470700
12/22/2021,6572.535156,6592.166992,6529.592773,6529.592773,6529.592773,187213900
12/23/2021,6537.599121,6570.287109,6531.777832,6555.550781,6555.550781,209975800
12/24/2021,6559.088867,6583.859863,6554.97998,6562.899902,6562.899902,176357600
12/27/2021,6570.558105,6588.425781,6562.554199,6575.443848,6575.443848,179010000
12/28/2021,6588.133789,6615.945801,6586.52002,6598.342773,6598.342773,191799500
12/29/2021,6603.755859,6621.579102,6585.395996,6600.676758,6600.676758,200549500
12/30/2021,6609.442871,6613.728027,6581.481934,6581.481934,6581.481934,192017600
1/3/2022,6586.259766,6677.199219,6586.132813,6665.308105,6665.308105,182552700
1/4/2022,6675.129883,6720.657227,6675.129883,6695.373047,6695.373047,185900100
1/5/2022,6703.171875,6738.109863,6634.838867,6662.298828,6662.298828,179080500
1/6/2022,6674.852051,6679.851074,6593.229004,6653.351074,6653.351074,179990500
1/7/2022,6669.51123,6712.146973,6647.712891,6701.315918,6701.315918,157064700
1/10/2022,6697.375977,6725.023926,6689.282227,6691.124023,6691.124023,159382400
1/11/2022,6705.795898,6727.76709,6636.500977,6647.970215,6647.970215,181053500
1/12/2022,6662.39502,6690.323242,6625.756836,6647.064941,6647.064941,192900600
1/13/2022,6659.973145,6667.940918,6626.338867,6658.355957,6658.355957,180765500
1/14/2022,6653.645996,6699.413086,6631.045898,6693.400879,6693.400879,140467300
1/17/2022,6711.405762,6711.821777,6625.862793,6645.047852,6645.047852,148626000
1/18/2022,6654.958984,6667.404785,6534.27002,6614.059082,6614.059082,172778900
1/19/2022,6609.832031,6615.451172,6575.380859,6591.980957,6591.980957,171354300
1/20/2022,6607.798828,6637.207031,6587.765137,6626.871094,6626.871094,158271000
1/21/2022,6626.348145,6726.373047,6607.417969,6726.373047,6726.373047,154628300
1/24/2022,6700.821777,6712.262207,6645.40918,6655.166016,6655.166016,176239200
1/25/2022,6630.87793,6632.953125,6523.929199,6568.172852,6568.172852,213235100
1/26/2022,6569.817871,6601.336914,6549.520996,6600.818848,6600.818848,226349800
1/27/2022,6586.854004,6627.405762,6570.75,6611.161133,6611.161133,177817500
1/28/2022,6618.717773,6645.51123,6603.491211,6645.51123,6645.51123,192680600
1/31/2022,6656.707031,6669.911133,6626.655762,6631.150879,6631.150879,182548300
2/2/2022,6657.791992,6716.597168,6650.303223,6707.651855,6707.651855,214830000
2/3/2022,6724.398926,6730.598145,6648.078125,6683.851074,6683.851074,202406000
2/4/2022,6697.942871,6731.391113,6685.403809,6731.391113,6731.391113,177332600
2/7/2022,6751.349121,6806.72998,6748.90918,6804.937012,6804.937012,225856300
2/8/2022,6813.184082,6860.75,6780.416992,6789.521973,6789.521973,255862800
2/9/2022,6811.753906,6840.394043,6796.632813,6834.605957,6834.605957,253458500
2/10/2022,6859.333984,6874.351074,6814.210938,6823.64209,6823.64209,279507200
2/11/2022,6813.60791,6825.062012,6773.537109,6815.606934,6815.606934,223574800
2/14/2022,6791.315918,6796.711914,6698.508789,6734.48584,6734.48584,202907800
2/15/2022,6746.358887,6807.49707,6727.358887,6807.49707,6807.49707,210390400
2/16/2022,6821.925781,6857.649902,6821.158203,6850.198242,6850.198242,216253600
2/17/2022,6836.183105,6859.706055,6790.59082,6835.117188,6835.117188,229539500
2/18/2022,6837.519043,6899.410156,6812.355957,6892.817871,6892.817871,233754300
2/21/2022,6896.751953,6927.90918,6886.132813,6902.964844,6902.964844,231576400
2/22/2022,6879.818848,6903.996094,6823.944824,6861.994141,6861.994141,196218500
2/23/2022,6878.625,6920.056152,6873.813965,6920.056152,6920.056152,204842700
2/24/2022,6912.477051,6929.911133,6758.86084,6817.819824,6817.819824,282680700
2/25/2022,6825.371094,6904.910156,6822.244141,6888.170898,6888.170898,211896500
3/1/2022,6964.696777,6996.935059,6915.976074,6921.440918,6921.440918,196006400
3/2/2022,6956.618164,6973.35791,6861.958984,6868.401855,6868.401855,325795100
3/4/2022,6921.315918,6936.98877,6895.730957,6928.328125,6928.328125,247492300
3/7/2022,6905.324219,6917.933105,6843.812012,6869.065918,6869.065918,261271800
3/8/2022,6895.630859,6929.862793,6814.183105,6814.183105,6814.183105,246218500
3/9/2022,6836.671875,6888.930176,6824.09082,6864.440918,6864.440918,209971800
3/10/2022,6897.174805,6924.007813,6837.725098,6924.007813,6924.007813,194071700
3/11/2022,6872.631836,6922.602051,6853.85791,6922.602051,6922.602051,174120300
3/14/2022,6949.206055,6969.993164,6918.312988,6952.204102,6952.204102,193318000
3/15/2022,6968.349121,6996.320801,6894.920898,6918.185059,6918.185059,189709300
3/16/2022,6951.352051,6992.39502,6946.842773,6992.39502,6992.39502,171297500
3/17/2022,7016.532227,7032.702148,6949.166016,6964.384766,6964.384766,197411300
3/18/2022,6981.262207,7000.587891,6926.414063,6954.964844,6954.964844,198102900
3/21/2022,6945.893066,6974.153809,6929.934082,6955.181152,6955.181152,216686100
3/22/2022,6974.977051,7003.259766,6968.201172,7000.821777,7000.821777,188258200
3/23/2022,7010.838867,7022.043945,6976.15918,6996.115234,6996.115234,214242900
3/24/2022,6986.183105,7049.685059,6977.833984,7049.685059,7049.685059,264967400
3/25/2022,7050.553223,7055.34082,6978.398926,7002.532227,7002.532227,201857500
3/28/2022,6996.317871,7051.541016,6987.223145,7049.603027,7049.603027,174012100
3/29/2022,7052.734863,7072.777832,7007.910156,7011.688965,7011.688965,185204100
3/30/2022,7037.202148,7055.866211,7022.651855,7053.189941,7053.189941,194572800
3/31/2022,7070.76123,7099.49707,7049.810059,7071.441895,7071.441895,178707400
4/1/2022,7093.699219,7099.301758,7040.491211,7078.759766,7078.759766,157645900
4/4/2022,7082.24707,7116.217773,7060.213867,7116.217773,7116.217773,173611100
4/5/2022,7122.914063,7148.298828,7110.11084,7148.298828,7148.298828,184230300
4/6/2022,7128.412109,7147.992188,7090.224121,7104.21582,7104.21582,216736400
4/7/2022,7115.086914,7145.167969,7097.903809,7127.367188,7127.367188,204797800
4/8/2022,7157.309082,7216.494141,7151.258789,7210.834961,7210.834961,207396700
4/11/2022,7212.00293,7355.299805,7194.60791,7203.793945,7203.793945,334575500
4/12/2022,7205.077148,7320.236816,7146.585938,7214.780762,7214.780762,253923400
4/13/2022,7240.188965,7266.398926,7212.85791,7262.776855,7262.776855,245926100
4/14/2022,7265.319824,7282.905762,7234.333008,7235.532227,7235.532227,238683900
4/18/2022,7245.503906,7277.075195,7243.36084,7275.289063,7275.289063,210765700
4/19/2022,7283.416992,7297.394043,7199.231934,7199.231934,7199.231934,214778100
4/20/2022,7226.87207,7262.558105,7184.964844,7227.361816,7227.361816,266258400
4/21/2022,7249.49707,7294.671875,7245.726074,7276.192871,7276.192871,177135800
4/22/2022,7251.980957,7291.47998,7174.810059,7225.605957,7225.605957,249844600
4/25/2022,7204.161133,7234.314941,7121.859863,7215.979004,7215.979004,212314600
4/26/2022,7208.922852,7247.475098,7161.65918,7232.152832,7232.152832,197362000
4/27/2022,7211.710938,7226.019043,7175.066895,7196.76416,7196.76416,201981800
4/28/2022,7260.27002,7267.111816,7204.599121,7228.914063,7228.914063,194334400
5/9/2022,7154.916992,7156.483887,6896.999023,6909.750977,6909.750977,212774700
5/10/2022,6747.562988,6832.098145,6662.611816,6819.793945,6819.793945,193141700
5/11/2022,6833.193848,6902.21582,6796.295898,6816.203125,6816.203125,0
5/12/2022,6802.328125,6802.328125,6576.309082,6599.839844,6599.839844,194742800
5/13/2022,6586.577148,6633.01416,6509.878906,6597.993164,6597.993164,177689000
5/17/2022,6603.893066,6703.050781,6574.13623,6644.466797,6644.466797,195947200
5/18/2022,6676.394043,6804.907227,6648.940918,6793.414063,6793.414063,192322000
5/19/2022,6719.756836,6851.717773,6620.684082,6823.334961,6823.334961,234684500
5/20/2022,6839.016113,6965.105957,6804.907227,6918.144043,6918.144043,193153300
5/23/2022,6930.938965,6972.180176,6802.712891,6840.774902,6840.774902,181821900
5/24/2022,6859.222168,6941.666992,6822.140137,6914.141113,6914.141113,197751100
5/25/2022,6914.64502,6944.48291,6858.695801,6883.503906,6883.503906,173878500
5/27/2022,6948.226074,7032.821777,6938.292969,7026.255859,7026.255859,196905500
5/30/2022,7052.172852,7069.250977,6974.616211,7037.564941,7037.564941,201457000
5/31/2022,7064.226074,7148.970215,7033.755859,7148.970215,7148.970215,279640300
6/2/2022,7130.601074,7209.079102,7117.979004,7148.723145,7148.723145,227362900
6/3/2022,7176.682129,7233.995117,7170.692871,7182.960938,7182.960938,240581300
6/6/2022,7163.173828,7194.536133,7056.174805,7096.582031,7096.582031,231204100
6/7/2022,7101.312988,7192.542969,7062.96582,7141.044922,7141.044922,275161800
6/8/2022,7133.49707,7220.084961,7102.861816,7193.313965,7193.313965,260589300
6/9/2022,7186.89209,7257.99707,7174.819824,7182.830078,7182.830078,270045800
6/10/2022,7143.241211,7160.116211,7051.223145,7086.647949,7086.647949,244570500
6/13/2022,6992.22998,6996.713867,6924.952148,6995.441895,6995.441895,262879000
6/14/2022,6949.647949,7049.881836,6932.713867,7049.881836,7049.881836,234982700
6/15/2022,7031.199219,7086.381836,6966.026855,7007.049805,7007.049805,274136800
6/16/2022,7063.077148,7138.496094,7025.931152,7050.326172,7050.326172,268578900
6/17/2022,6987.751953,6999.539063,6882.644043,6936.966797,6936.966797,281566500
6/20/2022,6937.007813,6976.376953,6859.599121,6976.376953,6976.376953,270432200
6/21/2022,6976.335938,7049.90918,6967.623047,7044.070801,7044.070801,235393100
6/22/2022,7044.11084,7063.258789,6968.296875,6984.311035,6984.311035,214189700
6/23/2022,6984.311035,7010.272949,6920.734863,6998.26709,6998.26709,212119400
6/24/2022,6998.348145,7067.74707,6997.919922,7042.937012,7042.937012,201464700
6/27/2022,7043.018066,7070.519043,6973.658203,7016.055176,7016.055176,181378000
6/28/2022,7016.13623,7016.916992,6960.071777,6996.456055,6996.456055,172583900
6/29/2022,6996.456055,7016.056152,6942.351074,6942.351074,6942.351074,164738900
6/30/2022,6942.351074,6990.861816,6897.675781,6911.582031,6911.582031,164820700
7/1/2022,6911.582031,6940.97998,6777.316895,6794.328125,6794.328125,157368000
7/4/2022,6794.368164,6796.519043,6559.637207,6639.171875,6639.171875,172853700
7/5/2022,6639.211914,6767.829102,6639.211914,6703.266113,6703.266113,181055000
7/6/2022,6703.266113,6709.921875,6602.896973,6646.410156,6646.410156,140628200
7/7/2022,6646.410156,6682.666992,6632.387207,6652.586914,6652.586914,157996000
7/8/2022,6652.666992,6740.219238,6652.666992,6740.219238,6740.219238,157598800
7/11/2022,6740.019043,6757.086914,6690.616211,6722.14502,6722.14502,163555700
7/12/2022,6722.185059,6745.425781,6708.175781,6718.293945,6718.293945,184326800
7/13/2022,6718.293945,6727.922852,6636.048828,6640.990234,6640.990234,169282000
7/14/2022,6640.990234,6700.053223,6607.702148,6690.086914,6690.086914,131271000
7/15/2022,6690.086914,6716.956055,6645.902832,6651.904785,6651.904785,145685800
7/18/2022,6652.064941,6702.074219,6611.925781,6659.25293,6659.25293,143740000
7/19/2022,6659.292969,6740.075195,6626.254883,6736.091797,6736.091797,170776400
7/20/2022,6736.171875,6880.756836,6736.063965,6874.743164,6874.743164,182468200
7/21/2022,6874.783203,6893.375977,6809.71582,6864.130859,6864.130859,156437900
7/22/2022,6864.130859,6901.720215,6850.48877,6886.961914,6886.961914,199589800
7/25/2022,6887.041992,6908.191895,6858.407227,6858.407227,6858.407227,210616100
7/26/2022,6858.446777,6899.929199,6857.800781,6871.537109,6871.537109,320241300
7/27/2022,6871.49707,6911.899902,6861.446777,6898.21582,6898.21582,276772700
7/28/2022,6898.295898,6984.532227,6898.295898,6956.816895,6956.816895,287336500
7/29/2022,6956.896973,7032.353027,6951.123047,6951.123047,6951.123047,292504000
8/1/2022,6951.123047,7005.292969,6949.634766,6968.783203,6968.783203,238507600
8/2/2022,6968.783203,6991.39209,6902.629883,6988.157227,6988.157227,216232400
8/3/2022,6988.157227,7046.634766,6971.73584,7046.634766,7046.634766,225842100
8/4/2022,7046.634766,7075.560059,7025.054199,7057.348145,7057.348145,248154300
8/5/2022,7057.348145,7090.76709,7045.981934,7084.654785,7084.654785,173887000
8/8/2022,7084.654785,7100.808105,7050.824219,7086.849121,7086.849121,219012400
8/9/2022,7086.849121,7144.202148,7086.849121,7102.879883,7102.879883,263201500
8/10/2022,7102.879883,7104.03418,7021.672852,7086.23584,7086.23584,200438400
8/11/2022,7086.275879,7181.100098,7086.275879,7160.384766,7160.384766,246280600
8/12/2022,7160.384766,7164.669922,7113.579102,7129.276855,7129.276855,240074700
8/15/2022,7129.276855,7156.919922,7081.304199,7093.275879,7093.275879,228243500
8/16/2022,7093.275879,7147.970215,7080.75293,7133.453125,7133.453125,231209400
8/18/2022,7133.453125,7186.558105,7125.394043,7186.558105,7186.558105,239294800
8/19/2022,7186.598145,7230.11084,7172.434082,7172.434082,7172.434082,232876500
8/22/2022,7172.434082,7174.283203,7064.500977,7107.98291,7107.98291,204493100
8/23/2022,7107.862793,7183.258789,7106.834961,7163.265137,7163.265137,260557700
8/24/2022,7163.305176,7204.419922,7154.644043,7194.706055,7194.706055,221550000
8/25/2022,7194.706055,7210.163086,7146.312012,7174.208008,7174.208008,280881500
8/26/2022,7174.288086,7194.081055,7135.248047,7135.248047,7135.248047,273878800
8/29/2022,7135.087891,7135.087891,7015.347168,7132.044922,7132.044922,256806700
8/30/2022,7132.084961,7223.125977,7131.616211,7159.473145,7159.473145,308273200
8/31/2022,7159.513184,7178.589844,7073.222168,7178.589844,7178.589844,256857200
9/1/2022,7178.589844,7197.056152,7135.024902,7153.104004,7153.104004,252393900
9/2/2022,7153.104004,7207.615234,7146.811035,7177.179199,7177.179199,284827600
9/5/2022,7177.13916,7245.400879,7147.976074,7231.882813,7231.882813,309176400
9/6/2022,7231.922852,7287.700195,7230.792969,7233.154785,7233.154785,346421400
9/7/2022,7233.154785,7243.522949,7166.625977,7186.756836,7186.756836,328200100
9/8/2022,7186.756836,7277.883789,7186.563965,7232.01709,7232.01709,277671500
9/9/2022,7232.057129,7270.296875,7206.37207,7242.655762,7242.655762,273581100
9/12/2022,7242.695801,7276.419922,7218.463867,7254.463867,7254.463867,300778400
9/13/2022,7254.463867,7345.456055,7254.416016,7318.016113,7318.016113,285339000
9/14/2022,7317.895996,7317.895996,7219.319824,7278.078125,7278.078125,250200100
9/15/2022,7278.198242,7377.495117,7278.198242,7305.601074,7305.601074,274253400
9/16/2022,7305.601074,7306.163086,7163.073242,7168.870117,7168.870117,351796400
9/19/2022,7168.950195,7231.416016,7151.615234,7195.487793,7195.487793,252816300
9/20/2022,7195.567871,7252.186035,7186.246094,7196.951172,7196.951172,279749000
9/21/2022,7196.871094,7204.901855,7134.785156,7188.313965,7188.313965,246224300
9/22/2022,7188.193848,7225.550781,7127.457031,7218.905762,7218.905762,282626800
9/23/2022,7219.025879,7219.025879,7172.533203,7178.583008,7178.583008,205509000
9/26/2022,7178.50293,7178.50293,7039.241211,7127.50293,7127.50293,193399700
9/27/2022,7127.50293,7133.411133,7075.653809,7112.449219,7112.449219,227195500
9/28/2022,7112.40918,7156.97998,7073.473145,7077.030762,7077.030762,193422200
9/29/2022,7077.11084,7135.500977,7023.210938,7036.198242,7036.198242,214141900
9/30/2022,7036.198242,7056.169922,6926.859863,7040.797852,7040.797852,208540900
10/3/2022,7040.797852,7047.624023,6995.062012,7009.717773,7009.717773,179996500
10/4/2022,7009.836914,7101.472168,7009.836914,7072.255859,7072.255859,216377800
10/5/2022,7072.294922,7131.879883,7070.212891,7075.384766,7075.384766,219700600
10/6/2022,7075.384766,7135.908203,7066.471191,7076.623047,7076.623047,177554400
10/7/2022,7076.623047,7081.018066,7008.144043,7026.783203,7026.783203,226928900
10/10/2022,7026.663086,7026.663086,6947.719238,6994.39502,6994.39502,220135300
10/11/2022,6994.39502,7001.969238,6937.809082,6939.14502,6939.14502,237406700
10/12/2022,6939.14502,6990.587891,6870.282227,6909.208984,6909.208984,225826800
10/13/2022,6909.208984,6933.708008,6880.625,6880.625,6880.625,175237300
10/14/2022,6880.665039,6943.85498,6814.529785,6814.529785,6814.529785,188093100
10/17/2022,6814.529785,6836.975098,6747.379883,6831.115234,6831.115234,217793900
10/18/2022,6831.154785,6891.984863,6809.984863,6834.494141,6834.494141,204836800
10/19/2022,6834.494141,6883.916992,6806.11377,6860.416016,6860.416016,165404100
10/20/2022,6860.416016,6986.205078,6847.066895,6980.651855,6980.651855,225664700
10/21/2022,6980.691895,7058.911133,6974.962891,7017.770996,7017.770996,181511700
10/24/2022,7017.811035,7092.169922,7017.460938,7053.043945,7053.043945,203913800
10/25/2022,7053.083984,7108.815918,7032.541992,7048.379883,7048.379883,223456200
10/26/2022,7048.419922,7081.879883,7017.935059,7043.938965,7043.938965,187797900
10/27/2022,7043.979004,7104.853027,7043.979004,7091.76123,7091.76123,188078500
10/28/2022,7091.76123,7100.808105,7016.702148,7056.040039,7056.040039,186703600
10/31/2022,7056.040039,7113.112793,7051.429199,7098.890137,7098.890137,192397100
11/1/2022,7098.930176,7128.13623,7018.551758,7052.303223,7052.303223,193069500
11/2/2022,7052.303223,7074.23291,6976.871094,7015.689941,7015.689941,165214300
11/3/2022,7015.689941,7050.380859,6962.853027,7034.573242,7034.573242,176601600
11/4/2022,7034.573242,7045.526855,6973.318848,7045.526855,7045.526855,180561000
11/7/2022,7045.526855,7102.395996,7011.563965,7102.395996,7102.395996,194075900
11/8/2022,7102.436035,7111.439941,7039.251953,7050.125977,7050.125977,193397800
11/9/2022,7050.085938,7073.551758,7037.307129,7070.083984,7070.083984,187445600
11/10/2022,7070.083984,7070.083984,6956.288086,6966.836914,6966.836914,188518000
11/11/2022,6966.996094,7106.060059,6966.996094,7089.206055,7089.206055,226055800
11/14/2022,7089.206055,7104.76416,7014.297852,7019.39209,7019.39209,174641100
11/15/2022,7019.39209,7048.390137,6999.23584,7035.5,7035.5,167825000
11/16/2022,7035.5,7046.999023,6955.528809,7014.383789,7014.383789,165129900
11/17/2022,7014.383789,7051.274902,6965.762207,7044.98584,7044.98584,156588900
11/18/2022,7045.025879,7094.097168,7027.746094,7082.181152,7082.181152,167164400
11/21/2022,7082.181152,7107.323242,7050.440918,7063.24707,7063.24707,162801100
11/22/2022,7063.24707,7108.831055,7030.587891,7030.587891,7030.587891,177602200
11/23/2022,7030.626953,7089.693848,7026.391113,7054.123047,7054.123047,157476700
11/24/2022,7054.162109,7104.88916,7054.162109,7080.515137,7080.515137,159926700
11/25/2022,7080.554199,7086.562012,7013.221191,7053.149902,7053.149902,158716200
11/28/2022,7053.109863,7083.378906,7011.453125,7017.35791,7017.35791,187211500
11/29/2022,7017.317871,7036.538086,6990.900879,7012.068848,7012.068848,164098100
11/30/2022,7012.108887,7081.312988,6993.695801,7081.312988,7081.312988,273493300
12/1/2022,7081.194824,7090.276855,7018.269043,7020.803223,7020.803223,167994300
12/2/2022,7020.803223,7021.813965,6967.950195,7019.63916,7019.63916,139459800
12/5/2022,7019.63916,7053.902832,6987.328125,6987.328125,6987.328125,165306000
12/6/2022,6987.368164,6987.368164,6862.564941,6892.569824,6892.569824,149697900
12/7/2022,6892.569824,6892.663086,6799.299805,6818.751953,6818.751953,158724300
12/8/2022,6818.791016,6821.050781,6683.628906,6804.227051,6804.227051,162316700
12/9/2022,6804.227051,6804.227051,6695.381836,6715.118164,6715.118164,127123900
12/12/2022,6715.118164,6734.452148,6641.810059,6734.452148,6734.452148,134471100
12/13/2022,6734.491211,6826.116211,6714.87207,6810.315918,6810.315918,396136700
12/14/2022,6810.355957,6854.098145,6774.131836,6801.749023,6801.749023,215430000
12/15/2022,6801.789063,6801.837891,6740.955078,6751.859863,6751.859863,145093400
12/16/2022,6751.859863,6812.192871,6693.765137,6812.192871,6812.192871,156126900
12/19/2022,6812.153809,6827.814941,6754.087891,6779.698242,6779.698242,127896600
12/20/2022,6779.698242,6792.203125,6715.044922,6768.315918,6768.315918,151817000
12/21/2022,6768.315918,6820.663086,6763.696777,6820.663086,6820.663086,139079800
12/22/2022,6820.702148,6844.121094,6800.617188,6824.432129,6824.432129,129012900
12/23/2022,6824.393066,6824.393066,6784.586914,6800.672852,6800.672852,120430300
12/26/2022,6800.712891,6858.146973,6796.166992,6835.808105,6835.808105,117543200
12/27/2022,6835.847168,6933.88916,6835.662109,6923.026855,6923.026855,121669200
12/28/2022,6923.065918,6953.039063,6828.140137,6850.52002,6850.52002,120571100
12/29/2022,6850.52002,6879.584961,6786.981934,6860.077148,6860.077148,141016100
12/30/2022,6860.116211,6888.73584,6838.588867,6850.619141,6850.619141,129302000
1/2/2023,6850.740234,6856.88916,6823.479004,6850.983887,6850.983887,109645000
1/3/2023,6850.983887,6908.001953,6838.574219,6888.757813,6888.757813,156894900
1/4/2023,6888.798828,6900.603027,6813.23877,6813.23877,6813.23877,142541400
1/5/2023,6813.279785,6813.421875,6621.986816,6653.84082,6653.84082,180589300
1/6/2023,6653.759766,6708.637207,6598.645996,6684.558105,6684.558105,109855600
1/9/2023,6684.558105,6726.96582,6638.645996,6688.265137,6688.265137,135949700
1/10/2023,6688.265137,6690.229004,6570.243164,6622.499023,6622.499023,144817300
1/11/2023,6622.539063,6622.794922,6557.919922,6584.453125,6584.453125,124903900
1/12/2023,6584.494141,6662.229004,6574.088867,6629.934082,6629.934082,148901900
1/13/2023,6629.934082,6658.476074,6600.594238,6641.830078,6641.830078,165594900
1/16/2023,6641.830078,6688.057129,6627.696777,6688.057129,6688.057129,154893500
1/17/2023,6688.057129,6801.871094,6688.057129,6767.339844,6767.339844,217634400
1/18/2023,6767.178223,6790.164063,6721.463867,6765.786133,6765.786133,194959200
1/19/2023,6765.746094,6820.984863,6754.551758,6819.907227,6819.907227,154234600
1/20/2023,6819.907227,6874.931152,6819.532227,6874.931152,6874.931152,173846000
1/24/2023,6874.931152,6906.791016,6841.006836,6860.854004,6860.854004,196805400
1/25/2023,6860.854004,6871.36377,6821.279785,6829.930176,6829.930176,187905300
1/26/2023,6829.970215,6874.869141,6815.785156,6864.817871,6864.817871,171067600
1/27/2023,6864.817871,6932.708984,6864.817871,6898.980957,6898.980957,149187500
1/30/2023,6899.021973,6925.469238,6834.081055,6872.480957,6872.480957,134698100
1/31/2023,6872.520996,6880.959961,6827.243164,6839.341797,6839.341797,151785000
2/1/2023,6838.916016,6893.184082,6838.916016,6862.257813,6862.257813,145899200
2/2/2023,6862.257813,6896.731934,6855.367188,6890.571777,6890.571777,189189500
2/3/2023,6890.713867,6951.966797,6890.713867,6911.731934,6911.731934,202858400
2/6/2023,6911.731934,6924.882813,6835.757813,6873.791016,6873.791016,143480000
2/7/2023,6873.791016,6946.233887,6873.791016,6935.300781,6935.300781,173101600
2/8/2023,6935.300781,6961.918945,6912.108887,6940.124023,6940.124023,172668200
2/9/2023,6940.124023,6961.151855,6896.040039,6897.365234,6897.365234,176681300
2/10/2023,6895.237793,6895.237793,6803.417969,6880.329102,6880.329102,140803700
2/13/2023,6880.329102,6915.144043,6871.882813,6900.140137,6900.140137,213914100
2/14/2023,6900.140137,6941.85498,6900.140137,6941.85498,6941.85498,162808100
2/15/2023,6941.85498,6946.03418,6872.869141,6914.538086,6914.538086,148477900
2/16/2023,6914.538086,6933.280762,6875.300781,6895.664063,6895.664063,173648600
2/17/2023,6895.664063,6919.091797,6868.279785,6895.713867,6895.713867,180098400
2/20/2023,6895.855957,6910.504883,6863.670898,6894.716797,6894.716797,175859700
2/21/2023,6894.716797,6923.672852,6870.911133,6873.404785,6873.404785,144215700
2/22/2023,6873.263184,6875.390137,6781.229004,6809.967773,6809.967773,149215500
2/23/2023,6810.108887,6839.454102,6806.99707,6839.454102,6839.454102,124488600
2/24/2023,6839.454102,6880.312012,6839.454102,6856.576172,6856.576172,130300200
2/27/2023,6856.576172,6871.111816,6819.87207,6854.776855,6854.776855,127631500
2/28/2023,6854.776855,6890.354004,6843.23877,6843.23877,6843.23877,167931100
3/1/2023,6843.098145,6889.51416,6833.188965,6844.936035,6844.936035,146293200
3/2/2023,6845.078125,6875.098145,6841.861816,6857.415039,6857.415039,136086000
3/3/2023,6857.415039,6884.116211,6804.476074,6813.63623,6813.63623,118736600
3/6/2023,6813.918945,6856.568848,6801.189941,6807.000977,6807.000977,137055800
3/7/2023,6806.858887,6812.958984,6758.000977,6766.757813,6766.757813,140398600
3/8/2023,6766.757813,6776.370117,6728.190918,6776.370117,6776.370117,144130900
3/9/2023,6776.370117,6824.664063,6776.370117,6799.794922,6799.794922,113187000
3/10/2023,6799.794922,6799.794922,6741.410156,6765.301758,6765.301758,131746200
3/13/2023,6765.018066,6812.874023,6727.442871,6786.955078,6786.955078,141798000
3/14/2023,6786.671875,6786.671875,6635.375977,6641.813965,6641.813965,166605500
3/15/2023,6641.813965,6709.86084,6628.137207,6628.137207,6628.137207,139210500
3/16/2023,6628.137207,6630.768066,6542.791992,6565.728027,6565.728027,154420700
3/17/2023,6565.728027,6683.094238,6565.728027,6678.236816,6678.236816,455755600
3/20/2023,6678.236816,6678.236816,6587.688965,6612.490234,6612.490234,128905000
3/21/2023,6612.490234,6691.61084,6609.223145,6691.61084,6691.61084,145475100
3/24/2023,6694.01709,6776.904785,6692.166016,6762.253906,6762.253906,146575100
3/27/2023,6762.253906,6772.595215,6704.751953,6708.933105,6708.933105,135182600
3/28/2023,6708.933105,6764.654785,6708.933105,6760.328125,6760.328125,126113300
3/29/2023,6760.328125,6851.505859,6760.328125,6839.436035,6839.436035,143324900
3/30/2023,6839.436035,6868.632813,6803.092773,6808.951172,6808.951172,140466800
3/31/2023,6809.092773,6831.553223,6789.609863,6805.276855,6805.276855,139015200
4/3/2023,6805.276855,6849.35791,6805.126953,6827.174805,6827.174805,127453100
4/4/2023,6827.033203,6859.692871,6781.523926,6833.178223,6833.178223,131576400
4/5/2023,6833.178223,6867.336914,6816.430176,6819.674805,6819.674805,123965500
4/6/2023,6819.674805,6832.72998,6786.287109,6792.765137,6792.765137,172852900
4/10/2023,6792.765137,6799.494141,6735.192871,6771.234863,6771.234863,129368500
4/11/2023,6771.234863,6811.313965,6738.766113,6811.313965,6811.313965,161404500
4/12/2023,6811.455078,6833.744141,6775.28418,6798.963867,6798.963867,151427200
4/13/2023,6798.541016,6816.884766,6764.65918,6785.598145,6785.598145,161495800
4/14/2023,6785.879883,6838.071777,6785.700195,6818.574219,6818.574219,137035000
4/17/2023,6818.714844,6829.509766,6765.14209,6787.582031,6787.582031,94860100
4/18/2023,6787.582031,6839.758789,6784.172852,6821.807129,6821.807129,103660800
4/26/2023,6821.807129,6910.146973,6821.599121,6910.146973,6910.146973,120164300
4/27/2023,6910.848145,6971.910156,6877.649902,6945.477051,6945.477051,161595900
4/28/2023,6945.477051,6958.672852,6897.708984,6915.71582,6915.71582,130620700
